title;description;amount;average_per_member;date_purchased;date_created;last_update;user_id;category_id;group_id;is_deleted
DM ;;9.05;4.525;2025-08-30;2025-08-30;;1;22;3;false
Bulgarien ;Sonstiges (City Tax, Geschenke);27.28;13.64;2025-08-30;2025-08-30;;2;26;3;false
Vollcorner ;;26.16;13.08;2025-08-30;2025-08-30;;1;18;3;false
Edeka ;;101.21;50.605;2025-08-30;2025-08-30;;1;18;3;false
Internet;;37.4;18.7;2025-08-25;2025-08-25;;1;20;3;false
Rossmann ;;13.98;6.99;2025-08-23;2025-08-23;;1;18;3;false
Vollcorner ;;22.74;11.37;2025-08-23;2025-08-23;;1;18;3;false
Edeka ;;81.41;40.705;2025-08-23;2025-08-23;;1;18;3;false
DM ;;11.65;5.825;2025-08-23;2025-08-23;;1;22;3;false
Bulgarien ;Mobilität: Mietwagen, Sprit, Öffis;560.7;280.35;2025-08-15;2025-08-15;;2;26;3;false
Bulgarien;Ausflüge ;108.92;54.46;2025-08-15;2025-08-15;;2;26;3;false
Bulgarien ;Unterkunft;713.78;356.89;2025-08-15;2025-08-15;;2;26;3;false
Bulgarien;Einkaufen;104.32;52.16;2025-08-15;2025-08-15;;2;26;3;false
Bulgarien;Essen und Trinken, Restaurant und Snacks;406.57;203.285;2025-08-15;2025-08-15;;2;26;3;false
Bulgarien ;Flüge;603.62;301.81;2025-08-15;2025-08-15;;2;26;3;false
Geschenk Gralle;Wein + Gutschein + Pralinen ;50;25;2025-08-09;2025-08-09;;1;17;3;false
Baumarkt ;Gartenschlauch & Spritzdüse;68.98;34.49;2025-08-08;2025-08-08;;1;20;3;false
Frühstück ;Westend Café ;35;17.5;2025-08-08;2025-08-08;;1;19;3;false
Edeka ;;82.32;41.16;2025-08-02;2025-08-02;;1;18;3;false
Vollcorner ;;24.07;12.035;2025-08-02;2025-08-02;;1;18;3;false
Edeka;;24.9;12.45;2025-07-26;2025-07-26;;2;18;3;false
Bulgarien;Flug nach Sofia;603.62;301.81;2025-07-26;2025-07-26;;2;26;3;false
Vollcorner;Pan;3.43;1.715;2025-07-26;2025-07-26;;2;18;3;false
Vollcorner ;;12.08;6.04;2025-07-26;2025-07-26;;1;18;3;false
Edeka ;;103.94;51.97;2025-07-26;2025-07-26;;1;18;3;false
ARD ZDF DRadio ;;55.08;27.54;2025-07-26;2025-07-26;;2;20;3;false
Pollo rostizado;;14;7;2025-07-23;2025-07-23;;2;18;3;false
Internet ;;37.4;18.7;2025-07-23;2025-07-23;;1;20;3;false
Vollcorner ;;32.91;16.455;2025-07-21;2025-07-21;;1;18;3;false
SAM;Con mosca + Trinkgeld;41;20.5;2025-07-21;2025-07-21;;2;19;3;false
Edeka ;;56.83;28.415;2025-07-21;2025-07-21;;1;18;3;false
Tanken ;Wartenberg;51.16;25.58;2025-07-19;2025-07-19;;1;24;3;false
Edeka;;30.87;15.435;2025-07-17;2025-07-17;;2;18;3;false
Rossmann ;;6.86;3.43;2025-07-12;2025-07-12;;2;22;3;false
Vollcorner ;;27.47;13.735;2025-07-12;2025-07-12;;1;18;3;false
DM;;8.95;4.475;2025-07-12;2025-07-12;;2;22;3;false
Edeka;;77.39;38.695;2025-07-12;2025-07-12;;2;18;3;false
Dean & David;;21.9;10.95;2025-07-11;2025-07-11;;2;19;3;false
Rossmann ;;13.98;6.99;2025-07-11;2025-07-11;;1;18;3;false
Edeka ;;8.76;4.38;2025-07-10;2025-07-10;;1;18;3;false
Netflix ;;13.99;6.995;2025-07-08;2025-07-08;;2;20;3;false
Vollcorner ;;19.68;9.84;2025-07-05;2025-07-05;;1;18;3;false
Edeka ;;71.94;35.97;2025-07-05;2025-07-05;;1;18;3;false
Edeka ;;58.37;29.185;2025-07-04;2025-07-04;;1;18;3;false
SWM Strom;;36;18;2025-06-30;2025-06-30;;2;20;3;false
Vollcorner ;;33.58;16.79;2025-06-28;2025-06-28;;1;18;3;false
Walnusswecken;;5.49;2.745;2025-06-28;2025-06-28;;2;18;3;false
Edeka ;;81.21;40.605;2025-06-28;2025-06-28;;1;18;3;false
Dean's and David's;Kollegiale Mittagspause <3;22;11;2025-06-27;2025-06-27;;2;19;3;false
Pollito Rostizado 🍗;;13;6.5;2025-06-25;2025-06-25;;2;18;3;false
Internet ;;37.4;18.7;2025-06-23;2025-06-23;;1;20;3;false
Edeka ;;71.99;35.995;2025-06-20;2025-06-20;;1;18;3;false
Mammas Geburtstag ;Blumen;19;9.5;2025-06-20;2025-06-20;;2;17;3;false
Mammas Geburtstag ;Gutschein Massage Buam Siam;60;30;2025-06-20;2025-06-20;;2;17;3;false
Vollcorner ;;35.68;17.84;2025-06-20;2025-06-20;;1;18;3;false
DM;;5.55;2.775;2025-06-20;2025-06-20;;1;18;3;false
Pizza Noi;;27;13.5;2025-06-19;2025-06-19;;2;19;3;false
Biergarten ;Augustiner ;37;18.5;2025-06-18;2025-06-18;;2;19;3;false
Rossmann ;;15.43;7.715;2025-06-14;2025-06-14;;1;18;3;false
Edeka;;88.36;44.18;2025-06-14;2025-06-14;;2;18;3;false
Vollcorner ;;41.26;20.63;2025-06-14;2025-06-14;;1;18;3;false
Biergarten ;;26.5;13.25;2025-06-14;2025-06-14;;1;19;3;false
DM;Geburtstagskarte;4.9;2.45;2025-06-14;2025-06-14;;2;17;3;false
DM;;10.95;5.475;2025-06-14;2025-06-14;;2;22;3;false
Vollcorner ;;28.66;14.33;2025-06-11;2025-06-11;;1;18;3;false
Netflix;;13.99;6.995;2025-06-10;2025-06-10;;2;20;3;false
Vollcorner ;;49.12;24.56;2025-06-07;2025-06-07;;1;18;3;false
Edeka;;104.58;52.29;2025-06-07;2025-06-07;;2;18;3;false
Edeka;;15.07;7.535;2025-06-06;2025-06-06;;2;18;3;false
Edeka ;;25.92;12.96;2025-06-03;2025-06-03;;1;18;3;false
DM;Gasflasche ;5.55;2.775;2025-05-31;2025-05-31;;1;18;3;false
Edeka ;;48.52;24.26;2025-05-31;2025-05-31;;1;18;3;false
Vollcorner ;;38.96;19.48;2025-05-31;2025-05-31;;1;18;3;false
Edeka;;14.67;7.335;2025-05-30;2025-05-30;;2;18;3;false
Rossmann ;;15.47;7.735;2025-05-30;2025-05-30;;1;18;3;false
SAM;;38.85;19.425;2025-05-30;2025-05-30;;2;19;3;false
Rischarts;;16.2;8.1;2025-05-29;2025-05-29;;2;19;3;false
Pizza Noi;;33.17;16.585;2025-05-29;2025-05-29;;2;19;3;false
SWM Strom ;;36;18;2025-05-28;2025-05-28;;2;20;3;false
caVa;;50;25;2025-05-25;2025-05-25;;1;19;3;false
Vollcorner ;;33.97;16.985;2025-05-24;2025-05-24;;1;18;3;false
Bauhaus ;Tomatitos, Plastikkisten, Wäscheständer für Badewanne;92.88;46.44;2025-05-24;2025-05-24;;2;20;3;false
DM;;12.15;6.075;2025-05-24;2025-05-24;;2;22;3;false
Edeka;;91.67;45.835;2025-05-24;2025-05-24;;2;18;3;false
Vollcorner;La hora;7.1;3.55;2025-05-24;2025-05-24;;2;18;3;false
Edeka;;19.87;9.935;2025-05-24;2025-05-24;;2;18;3;false
Edeka;;13.99;6.995;2025-05-24;2025-05-24;;2;18;3;false
Hofpfisterei ;;10.98;5.49;2025-05-23;2025-05-23;;2;18;3;false
Internet ;;37.4;18.7;2025-05-23;2025-05-23;;1;20;3;false
Edeka;;27.98;13.99;2025-05-22;2025-05-22;;2;18;3;false
Kostas;;15;7.5;2025-05-17;2025-05-17;;2;18;3;false
Netflix;;13.99;6.995;2025-05-17;2025-05-17;;2;20;3;false
Vollcorner ;;37.1;18.55;2025-05-17;2025-05-17;;1;18;3;false
Edeka ;;64;32;2025-05-17;2025-05-17;;1;18;3;false
Edeka;;18.75;9.375;2025-05-16;2025-05-16;;2;18;3;false
Pizza Noi;;27;13.5;2025-05-15;2025-05-15;;2;19;3;false
Hofpfisterei;1/2 Walnussbrot;10.1;5.05;2025-05-13;2025-05-13;;1;18;3;false
Tanken ;;48.4;24.2;2025-05-11;2025-05-11;;1;24;3;false
Rossmann ;Nusskernmischung 2x;13.98;6.99;2025-05-09;2025-05-09;;1;18;3;false
DM;;13.4;6.7;2025-05-09;2025-05-09;;1;18;3;false
Edeka ;;46.5;23.25;2025-05-09;2025-05-09;;1;18;3;false
Vollcorner ;;32.86;16.43;2025-05-09;2025-05-09;;1;18;3;false
Edeka;;56.63;28.315;2025-05-08;2025-05-08;;2;18;3;false
Vollcorner ;;28.61;14.305;2025-05-03;2025-05-03;;2;18;3;false
Kaffee / Kuchen;Rischarts;18.75;9.375;2025-05-03;2025-05-03;;2;15;3;false
Edeka;;25.39;12.695;2025-05-03;2025-05-03;;2;18;3;false
DM;;10.4;5.2;2025-05-03;2025-05-03;;2;22;3;false
Edeka;;25.92;12.96;2025-05-03;2025-05-03;;2;18;3;false
Abendessen Jachenau;;40;20;2025-05-01;2025-05-01;;2;15;3;false
Parken;Wandern auf den Hirschhörnlkogel in Jachenau ;5;2.5;2025-05-01;2025-05-01;;1;24;3;false
Edeka;;5.28;2.64;2025-04-30;2025-04-30;;2;18;3;false
Edeka;;16.32;8.16;2025-04-30;2025-04-30;;2;18;3;false
DM;;3.1;1.55;2025-04-30;2025-04-30;;2;22;3;false
Edeka ;;36.4;18.2;2025-04-28;2025-04-28;;1;18;3;false
SWM Strom;;36;18;2025-04-28;2025-04-28;;2;20;3;false
Vollcorner ;;41.3;20.65;2025-04-26;2025-04-26;;1;18;3;false
Edeka ;;59.8;29.9;2025-04-26;2025-04-26;;1;18;3;false
Internet ;;37.4;18.7;2025-04-21;2025-04-21;;1;20;3;false
Vollcorner ;;15.78;7.89;2025-04-19;2025-04-19;;1;18;3;false
Rossmann ;Nusskernmischung 2x;13.98;6.99;2025-04-19;2025-04-19;;1;18;3;false
Edeka ;;38.61;19.305;2025-04-19;2025-04-19;;1;18;3;false
Edeka;;24.44;12.22;2025-04-17;2025-04-17;;2;18;3;false
Edeka;;15.35;7.675;2025-04-15;2025-04-15;;2;18;3;false
Edeka;;27.12;13.56;2025-04-15;2025-04-15;;2;18;3;false
ARD / ZDF Radio;;55.08;27.54;2025-04-15;2025-04-15;;2;20;3;false
Tanken ;;45.67;22.835;2025-04-13;2025-04-13;;1;24;3;false
Bauhaus;Bioabfallaimer, Schleifpapier, Blumen, Reinigungsmittel ;19.13;9.565;2025-04-13;2025-04-13;;2;20;3;false
Edeka ;;56.43;28.215;2025-04-12;2025-04-12;;1;18;3;false
Pizza;;13.5;6.75;2025-04-12;2025-04-12;;1;19;3;false
DM;;7.65;3.825;2025-04-12;2025-04-12;;2;22;3;false
Vollcorner ;;38.48;19.24;2025-04-12;2025-04-12;;1;18;3;false
Netflix;;13.99;6.995;2025-04-08;2025-04-08;;2;18;3;false
Hofpfisterei;;10.77;5.385;2025-04-08;2025-04-08;;2;18;3;false
Edeka ;;45.39;22.695;2025-04-08;2025-04-08;;1;18;3;false
Vollcorner ;;80.7;40.35;2025-04-05;2025-04-05;;1;18;3;false
Edeka ;;72.08;36.04;2025-04-05;2025-04-05;;1;18;3;false
DM;;8.29;4.145;2025-04-05;2025-04-05;;1;22;3;false
Essen;Vietnamese;50;25;2025-04-04;2025-04-04;;1;19;3;false
Edeka ;;52.89;26.445;2025-04-01;2025-04-01;;1;18;3;false
Bauhaus;Bodenschutzmatten und Blumen ;69.88;34.94;2025-03-31;2025-03-31;;2;20;3;false
Edeka;;14.05;7.025;2025-03-29;2025-03-29;;2;18;3;false
Galeria;Tischdecke und Flickstoff;54.82;27.41;2025-03-29;2025-03-29;;2;20;3;false
Noi Pizza ;;18.5;9.25;2025-03-29;2025-03-29;;2;19;3;false
Vollcorner ;;47.46;23.73;2025-03-29;2025-03-29;;2;18;3;false
Edeka;;49.56;24.78;2025-03-28;2025-03-28;;2;18;3;false
SWM Strom;;36;18;2025-03-28;2025-03-28;;2;20;3;false
Rossmann ;Nüsse;16.97;8.485;2025-03-28;2025-03-28;;2;18;3;false
Edeka ;;22.72;11.36;2025-03-24;2025-03-24;;2;18;3;false
SAM;;38.85;19.425;2025-03-23;2025-03-23;;2;19;3;false
Vollcorner ;;50.65;25.325;2025-03-22;2025-03-22;;1;18;3;false
Edeka ;;45.03;22.515;2025-03-22;2025-03-22;;1;18;3;false
DM;;11.95;5.975;2025-03-22;2025-03-22;;1;22;3;false
Edeka;;50.41;25.205;2025-03-21;2025-03-21;;2;18;3;false
Pan;;8.83;4.415;2025-03-21;2025-03-21;;2;18;3;false
Internet ;;37.4;18.7;2025-03-21;2025-03-21;;1;20;3;false
NOI Pizza;;31;15.5;2025-03-21;2025-03-21;;2;19;3;false
Edeka;;15.56;7.78;2025-03-21;2025-03-21;;2;18;3;false
Pollito rostizado 🍗;;14;7;2025-03-19;2025-03-19;;2;18;3;false
Vollcorner ;;37.06;18.53;2025-03-15;2025-03-15;;1;18;3;false
DM;Folio;7.95;3.975;2025-03-15;2025-03-15;;1;22;3;false
Edeka ;;73.84;36.92;2025-03-15;2025-03-15;;1;18;3;false
Edeka ;;65.85;32.925;2025-03-12;2025-03-12;;1;18;3;false
Rossmann ;Nusskernmischung 2x;13.98;6.99;2025-03-12;2025-03-12;;1;18;3;false
Netflix ;;13.99;6.995;2025-03-10;2025-03-10;;2;20;3;false
Edeka;;109.7;54.85;2025-03-08;2025-03-08;;2;18;3;false
Vollcorner ;;30.08;15.04;2025-03-08;2025-03-08;;2;18;3;false
Edeka;;21.47;10.735;2025-03-08;2025-03-08;;2;18;3;false
Ausgleichszahlung von Sven;;-800;-400;2025-03-05;2025-03-05;;2;16;3;false
Ausgleichszahlung an Montse;;800;400;2025-03-05;2025-03-05;;1;16;3;false
Kostas;;35;17.5;2025-03-01;2025-03-01;;2;18;3;false
 Vollcorner ;;13.37;6.685;2025-03-01;2025-03-01;;1;18;3;false
Edeka ;;52.27;26.135;2025-03-01;2025-03-01;;1;18;3;false
SWM Strom;;36;18;2025-02-28;2025-02-28;;2;20;3;false
Geschenk für Andrea (Nachbarin);Wein;25;12.5;2025-02-28;2025-02-28;;1;17;3;false
Pollo rostizado;;13;6.5;2025-02-24;2025-02-24;;2;18;3;false
Vollcorner ;;27.05;13.525;2025-02-24;2025-02-24;;2;18;3;false
DM;;16.55;8.275;2025-02-24;2025-02-24;;2;22;3;false
Internet ;;37.4;18.7;2025-02-22;2025-02-22;;1;20;3;false
Edeka;;79.09;39.545;2025-02-22;2025-02-22;;1;18;3;false
Vollcorner ;Brot ;5.8;2.9;2025-02-22;2025-02-22;;1;18;3;false
DM;Bialetti;48.1;24.05;2025-02-22;2025-02-22;;1;18;3;false
Vollcorner ;;29.08;14.54;2025-02-21;2025-02-21;;2;18;3;false
Edeka;;36.82;18.41;2025-02-21;2025-02-21;;2;18;3;false
Vollcorner ;;8.99;4.495;2025-02-18;2025-02-18;;2;18;3;false
DM;;17.6;8.8;2025-02-18;2025-02-18;;2;22;3;false
Edeka;;3.99;1.995;2025-02-18;2025-02-18;;2;18;3;false
Tanken;Tankstelle Wartenberg;54.46;27.23;2025-02-16;2025-02-16;;1;24;3;false
Vollcorner ;;20.37;10.185;2025-02-15;2025-02-15;;1;18;3;false
Edeka ;;96.97;48.485;2025-02-15;2025-02-15;;1;18;3;false
Lottoshop;Karte und Ballon für Bäda's Geburtstag ;11;5.5;2025-02-15;2025-02-15;;1;17;3;false
Vollcorner ;;64.09;32.045;2025-02-14;2025-02-14;;2;18;3;false
Edeka;;37.81;18.905;2025-02-13;2025-02-13;;2;18;3;false
Netflix ;;13.99;6.995;2025-02-10;2025-02-10;;2;20;3;false
Vollcorner ;;46.47;23.235;2025-02-08;2025-02-08;;2;18;3;false
Pizza Noi;Betrag ca. Pizza + BRuschetta;22;11;2025-02-08;2025-02-08;;2;19;3;false
Edeka ;;84.44;42.22;2025-02-07;2025-02-07;;1;18;3;false
Pizza Noi;Eine Pizza ca.;14;7;2025-02-07;2025-02-07;;2;19;3;false
Kiste für Terasse;;10;5;2025-02-04;2025-02-04;;1;20;3;false
DM;;25.55;12.775;2025-02-01;2025-02-01;;1;22;3;false
Edeka ;;79.53;39.765;2025-02-01;2025-02-01;;1;18;3;false
Vollcorner ;;43.92;21.96;2025-02-01;2025-02-01;;1;18;3;false
Pizza Noi;2 Pizzas;29.7;14.85;2025-01-31;2025-01-31;;2;19;3;false
SWM Strom ;;36;18;2025-01-28;2025-01-28;;2;20;3;false
Vollcorner ;;25.4;12.7;2025-01-28;2025-01-28;;2;18;3;false
Vollcorner;;19.08;9.54;2025-01-28;2025-01-28;;2;18;3;false
Edeka ;;93.79;46.895;2025-01-25;2025-01-25;;1;18;3;false
Vollcorner ;;39.02;19.51;2025-01-25;2025-01-25;;1;18;3;false
Internet ;;37.4;18.7;2025-01-23;2025-01-23;;1;20;3;false
Vollcorner ;;34.78;17.39;2025-01-21;2025-01-21;;1;18;3;false
Edeka ;;66.04;33.02;2025-01-21;2025-01-21;;1;18;3;false
Edeka;;6.98;3.49;2025-01-20;2025-01-20;;2;18;3;false
Betriebskosten Nachzahlung aus 2023;;1369.48;684.74;2025-01-19;2025-01-19;;2;20;3;false
Edeka;;37.47;18.735;2025-01-18;2025-01-18;;2;18;3;false
Vollcorner ;;28.08;14.04;2025-01-18;2025-01-18;;2;18;3;false
Rossmann ;Nussmischung;13.98;6.99;2025-01-18;2025-01-18;;2;18;3;false
Edeka ;;25.25;12.625;2025-01-18;2025-01-18;;1;18;3;false
ARD ZDF Radio ;Beitragservice;55.08;27.54;2025-01-18;2025-01-18;;2;20;3;false
Karte und Sticke;Für Milena;5.45;2.725;2025-01-18;2025-01-18;;2;17;3;false
Edeka;;29.5;14.75;2025-01-14;2025-01-14;;2;18;3;false
Edeka ;;66.89;33.445;2025-01-11;2025-01-11;;1;18;3;false
Vollcorner;;14.2;7.1;2025-01-11;2025-01-11;;1;18;3;false
Geschenk für Milena;Pogo Stick 35€ Geld 50€;75;37.5;2025-01-10;2025-01-10;;1;17;3;false
Edeka ;;47.9;23.95;2025-01-09;2025-01-09;;2;18;3;false
Netflix ;;13.99;6.995;2025-01-08;2025-01-08;;2;20;3;false
Edeka;;12.14;6.07;2025-01-08;2025-01-08;;2;18;3;false
Edeka ;;41.69;20.845;2025-01-07;2025-01-07;;1;18;3;false
SAM;;37;18.5;2025-01-05;2025-01-05;;2;19;3;false
Vollcorner ;;32.99;16.495;2025-01-04;2025-01-04;;2;18;3;false
Edeka;;30.36;15.18;2025-01-04;2025-01-04;;2;18;3;false
Ovitrelle ;;62.9;31.45;2025-01-03;2025-01-03;;2;23;3;false
SWM Strom;;36;18;2024-12-30;2024-12-30;;2;20;3;false
Miles;Transport Waschmaschine ;15;7.5;2024-12-29;2024-12-29;;1;20;3;false
Waschmaschine ;Über Kleinanzeigen;100;50;2024-12-29;2024-12-29;;2;20;3;false
DM;;10.75;5.375;2024-12-28;2024-12-28;;2;22;3;false
Edeka ;;39.44;19.72;2024-12-28;2024-12-28;;1;18;3;false
Vollcorner ;;37.31;18.655;2024-12-28;2024-12-28;;1;18;3;false
Alnatura;Kakao-Mandeln für Jenny & Saaten-Taler für Brigitte;6.98;3.49;2024-12-23;2024-12-23;;1;17;3;false
Hugendubel;Mamá und Jenny ;32.94;16.47;2024-12-23;2024-12-23;;2;17;3;false
Galeria;Gläser + Kalender für 2;30.69;15.345;2024-12-23;2024-12-23;;2;20;3;false
Geschenkpapier;;3.9;1.95;2024-12-23;2024-12-23;;2;17;3;false
Internet ;;37.4;18.7;2024-12-23;2024-12-23;;1;20;3;false
Hugendubel ;Geschenke Milena und Kilian;20;10;2024-12-23;2024-12-23;;2;17;3;false
Edeka ;;58.45;29.225;2024-12-21;2024-12-21;;1;18;3;false
Tanken ;;54.91;27.455;2024-12-21;2024-12-21;;1;24;3;false
Vollcorner ;;16.2;8.1;2024-12-21;2024-12-21;;1;18;3;false
Vollcorner ;Zutaten für Plätzchen ;28;14;2024-12-20;2024-12-20;;2;17;3;false
Vollcorner ;Für Marco und Eltern;50;25;2024-12-20;2024-12-20;;2;17;3;false
DM;;26.5;13.25;2024-12-14;2024-12-14;;2;22;3;false
Edeka ;;65.69;32.845;2024-12-14;2024-12-14;;2;18;3;false
Rossmann;Nusskernmischung 2x;13.98;6.99;2024-12-14;2024-12-14;;1;18;3;false
VollCorner;Brot;6;3;2024-12-13;2024-12-13;;2;18;3;false
VollCorner;;15.46;7.73;2024-12-13;2024-12-13;;2;18;3;false
VollCorner;;24.88;12.44;2024-12-13;2024-12-13;;2;18;3;false
Netflix ;;13.99;6.995;2024-12-10;2024-12-10;;2;20;3;false
Edeka;;98.14;49.07;2024-12-09;2024-12-09;;2;18;3;false
Ovitrelle ;;62.9;31.45;2024-12-09;2024-12-09;;2;23;3;false
Vollcorner ;;38.73;19.365;2024-12-09;2024-12-09;;1;18;3;false
DM;;11.75;5.875;2024-12-09;2024-12-09;;2;22;3;false
Edeka;;50.26;25.13;2024-12-06;2024-12-06;;1;18;3;false
Vollcorner ;;40.46;20.23;2024-12-03;2024-12-03;;1;18;3;false
Rossmann;;7.45;3.725;2024-11-30;2024-11-30;;2;18;3;false
Vollcorner;;10.68;5.34;2024-11-30;2024-11-30;;2;18;3;false
Vollcorner ;;35.05;17.525;2024-11-30;2024-11-30;;1;18;3;false
Edeka;;51.83;25.915;2024-11-30;2024-11-30;;1;18;3;false
DM;;14.35;7.175;2024-11-30;2024-11-30;;1;22;3;false
Edeka ;;9.86;4.93;2024-11-29;2024-11-29;;2;18;3;false
Strom SWM;;36;18;2024-11-28;2024-11-28;;2;20;3;false
Edeka;Brotzeit ;19.93;9.965;2024-11-26;2024-11-26;;2;18;3;false
Galeria Kaufhof;Geschenk Jenny ;34.87;17.435;2024-11-23;2024-11-23;;2;17;3;false
Galeria Kaufhof;Brown cheese ;28.07;14.035;2024-11-23;2024-11-23;;2;18;3;false
Edeka;;26.33;13.165;2024-11-23;2024-11-23;;2;18;3;false
Edeka ;;51;25.5;2024-11-23;2024-11-23;;2;18;3;false
Edeka ;;37.92;18.96;2024-11-22;2024-11-22;;1;18;3;false
Internet;;37.4;18.7;2024-11-22;2024-11-22;;1;20;3;false
Edeka;;112.05;56.025;2024-11-16;2024-11-16;;2;18;3;false
Bauhaus;Rollen für Möbel ;20.8;10.4;2024-11-16;2024-11-16;;2;20;3;false
Vollcorner ;;26.9;13.45;2024-11-16;2024-11-16;;2;18;3;false
Vollcorner ;Brot;5.05;2.525;2024-11-16;2024-11-16;;1;18;3;false
Rossmann;Nusskernmischung + Spültücher;14.87;7.435;2024-11-16;2024-11-16;;1;18;3;false
TÜV ;;300;150;2024-11-09;2024-11-09;;1;24;3;false
Vollcorner;;18.04;9.02;2024-11-09;2024-11-09;;2;18;3;false
Edeka;;74;37;2024-11-09;2024-11-09;;2;18;3;false
Netflix;;13.99;6.995;2024-11-08;2024-11-08;;2;20;3;false
Edeka;Beotzeit;28;14;2024-11-04;2024-11-04;;2;18;3;false
Vollcorner ;;28.33;14.165;2024-11-02;2024-11-02;;2;18;3;false
Hopfpfisterei;;9.64;4.82;2024-11-02;2024-11-02;;2;18;3;false
Ausgleichszahlung an Montse;;960;480;2024-11-02;2024-11-02;;1;16;3;false
Ausgleichszahlung von Sven;-960;-960;-480;2024-11-02;2024-11-02;;2;16;3;false
Rossmann;Nussmischung;6.99;3.495;2024-11-02;2024-11-02;;2;18;3;false
Edeka;Kürbiskerne;4.09;2.045;2024-11-02;2024-11-02;;2;18;3;false
Strom Oktober;;66.14;33.07;2024-10-31;2024-10-31;;2;20;3;false
Edeka;;24.78;12.39;2024-10-29;2024-10-29;;2;18;3;false
DM;Gasflasche & Waschmittel ;12.3;6.15;2024-10-28;2024-10-28;;1;22;3;false
Vollcorner ;;38.31;19.155;2024-10-28;2024-10-28;;1;18;3;false
Mexiko;Abendessen Toluca;79.51;39.755;2024-10-28;2024-10-28;;2;26;3;false
Edeka ;;93.09;46.545;2024-10-28;2024-10-28;;1;18;3;false
Mexico;Volaría GDL - TLC;185.12;92.56;2024-10-24;2024-10-24;;2;26;3;false
Internet ;;37.4;18.7;2024-10-22;2024-10-22;;1;20;3;false
Mexiko ;Argentinisches Restaurant ;76.48;38.24;2024-10-18;2024-10-18;;2;26;3;false
Mexiko ;Ausflüge Teotihuacán, Tula, Volcán;34.7;17.35;2024-10-16;2024-10-16;;2;26;3;false
Mexiko;Sprit;153;76.5;2024-10-16;2024-10-16;;2;26;3;false
Mexiko;Sonstiges und k.a.;85;42.5;2024-10-16;2024-10-16;;2;26;3;false
Mexiko ;SIM-Karte;10;5;2024-10-16;2024-10-16;;2;26;3;false
Mexiko;Regalod;107;53.5;2024-10-16;2024-10-16;;2;26;3;false
Mexiko;Mobilität;214.7;107.35;2024-10-16;2024-10-16;;2;26;3;false
Mexiko;Lebensmittel ;41.2;20.6;2024-10-16;2024-10-16;;2;26;3;false
Mexiko ;Hotel San Pancho;162;81;2024-10-16;2024-10-16;;2;26;3;false
Urlaub;Essen, Restaurants;526;263;2024-10-16;2024-10-16;;2;26;3;false
ARD ZDF;;55.08;27.54;2024-10-15;2024-10-15;;2;20;3;false
Mexiko;Mietwagen;263.14;131.57;2024-10-09;2024-10-09;;2;26;3;false
Mexico;Aeromexico MEX - GDL;127.05;63.525;2024-10-09;2024-10-09;;2;26;3;false
Netflix;;13.99;6.995;2024-10-08;2024-10-08;;2;20;3;false
Urlaub Mexiko ;Telcel SIM Karte;7.3;3.65;2024-10-07;2024-10-07;;2;26;3;false
Urlaub Mexiko;Hotel CDMX;70.42;35.21;2024-10-07;2024-10-07;;2;26;3;false
Mexico ;Essen am Flughafen in München ;25.8;12.9;2024-10-05;2024-10-05;;1;26;3;false
Edeka;;8.63;4.315;2024-10-04;2024-10-04;;2;18;3;false
Strom September ;;35;17.5;2024-09-30;2024-09-30;;2;20;3;false
Oktoberfest ;Mit Jenny, Christian, Milena und Kilian ;78;39;2024-09-29;2024-09-29;;1;15;3;false
DM;;13.8;6.9;2024-09-28;2024-09-28;;1;22;3;false
Vollcorner ;;27.82;13.91;2024-09-28;2024-09-28;;1;18;3;false
Hofpfisterei;pan;8.26;4.13;2024-09-28;2024-09-28;;2;18;3;false
Edeka ;;42.91;21.455;2024-09-28;2024-09-28;;1;18;3;false
Vollcorner ;;18.06;9.03;2024-09-26;2024-09-26;;2;18;3;false
Vollcorner;;5.98;2.99;2024-09-25;2024-09-25;;2;18;3;false
Ausgleichszahlung an Montse ;;500;250;2024-09-24;2024-09-24;;1;16;3;false
Ausgleichzahlung von Sven;-500.00;-500;-250;2024-09-24;2024-09-24;;2;16;3;false
Edeka;;4.99;2.495;2024-09-21;2024-09-21;;2;18;3;false
Rossman ;Nusskernmischung 2x;13.98;6.99;2024-09-21;2024-09-21;;1;18;3;false
Vollcorner ;;46.24;23.12;2024-09-21;2024-09-21;;1;18;3;false
Edeka ;;93.94;46.97;2024-09-21;2024-09-21;;1;18;3;false
Internet ;;37.4;18.7;2024-09-20;2024-09-20;;1;20;3;false
Benzin;;49.52;24.76;2024-09-19;2024-09-19;;2;24;3;false
Waschstraße;;15;7.5;2024-09-19;2024-09-19;;2;24;3;false
DM;Gasflasche ;20.7;10.35;2024-09-14;2024-09-14;;1;18;3;false
Edeka ;;67.02;33.51;2024-09-14;2024-09-14;;1;18;3;false
Vollcorner ;;47.87;23.935;2024-09-14;2024-09-14;;1;18;3;false
Netflix;;13.99;6.995;2024-09-10;2024-09-10;;2;20;3;false
Edeka ;;38.96;19.48;2024-09-10;2024-09-10;;1;18;3;false
Verkehrsmuseum;Milena & Kilian ;17;8.5;2024-09-08;2024-09-08;;1;15;3;false
Edeka ;;35.47;17.735;2024-09-07;2024-09-07;;1;18;3;false
Vollcorner ;;23.28;11.64;2024-09-07;2024-09-07;;1;18;3;false
Pizza mit Kids;;38.5;19.25;2024-09-07;2024-09-07;;2;19;3;false
Straßenfest;Süßigkeiten ;10;5;2024-09-07;2024-09-07;;2;15;3;false
Edeka;;60.38;30.19;2024-09-06;2024-09-06;;2;18;3;false
SpritzeOvitrell;;62.9;31.45;2024-09-04;2024-09-04;;2;23;3;false
Rossman ;Nusskernmischung 2x;14;7;2024-08-31;2024-08-31;;1;18;3;false
Edeka ;;114.48;57.24;2024-08-31;2024-08-31;;1;18;3;false
Bäckerei Müller;Brotzeit für Bootsfahrt ;24.7;12.35;2024-08-31;2024-08-31;;1;18;3;false
Biergarten ;Am Bavariapark ;29;14.5;2024-08-28;2024-08-28;;1;19;3;false
Strom;;35;17.5;2024-08-28;2024-08-28;;2;20;3;false
Flug nach Mexiko;;1768.1;884.05;2024-08-25;2024-08-25;;2;26;3;false
Kilians Geburtstag ;Karte + Spiel;14.8;7.4;2024-08-24;2024-08-24;;2;17;3;false
Kilian Geburtstag ;;50;25;2024-08-24;2024-08-24;;1;17;3;false
Edeka ;;71.54;35.77;2024-08-24;2024-08-24;;1;18;3;false
Vollcorner ;;26.75;13.375;2024-08-24;2024-08-24;;1;18;3;false
Internet ;;37.4;18.7;2024-08-20;2024-08-20;;1;20;3;false
Edeka;;64.14;32.07;2024-08-17;2024-08-17;;2;18;3;false
Pausenbrot;für Ausflug Schliersee ;16.6;8.3;2024-08-17;2024-08-17;;2;18;3;false
Edeka;;12.14;6.07;2024-08-16;2024-08-16;;2;18;3;false
Miles;Schliersee;73.31;36.655;2024-08-16;2024-08-16;;1;26;3;false
Edeka ;;71.38;35.69;2024-08-14;2024-08-14;;1;18;3;false
Vollcorner ;;27.83;13.915;2024-08-14;2024-08-14;;1;18;3;false
DM;;11.25;5.625;2024-08-14;2024-08-14;;2;22;3;false
Tannengarten;Biergarten ;39.6;19.8;2024-08-12;2024-08-12;;2;19;3;false
Vollcorner ;;17.32;8.66;2024-08-10;2024-08-10;;1;18;3;false
Edeka ;;53.75;26.875;2024-08-10;2024-08-10;;1;18;3;false
Rossman ;;14.97;7.485;2024-08-10;2024-08-10;;1;18;3;false
Geschenk für Lenz;70. Geburtstag ;150;75;2024-08-08;2024-08-08;;1;17;3;false
Netflix;;13.99;6.995;2024-08-08;2024-08-08;;2;20;3;false
Müller;;15.5;7.75;2024-08-05;2024-08-05;;2;22;3;false
DM;;8.1;4.05;2024-08-03;2024-08-03;;2;22;3;false
Edeka;;23.84;11.92;2024-08-03;2024-08-03;;2;18;3;false
Vollcorner ;;49.66;24.83;2024-08-03;2024-08-03;;1;18;3;false
Hofpfisterei ;;8.6;4.3;2024-08-03;2024-08-03;;1;18;3;false
Edeka ;;74.62;37.31;2024-08-02;2024-08-02;;1;18;3;false
Edeka;;15.7;7.85;2024-07-30;2024-07-30;;2;18;3;false
Strom;;35;17.5;2024-07-29;2024-07-29;;2;20;3;false
Edeka;;50.41;25.205;2024-07-28;2024-07-28;;2;18;3;false
Rossman ;;15.37;7.685;2024-07-27;2024-07-27;;1;18;3;false
Noi Pizza;;27;13.5;2024-07-26;2024-07-26;;2;19;3;false
Edeka;;37.64;18.82;2024-07-26;2024-07-26;;2;18;3;false
Edeka;Obst;10;5;2024-07-23;2024-07-23;;2;18;3;false
Internet ;;34.9;17.45;2024-07-20;2024-07-20;;1;20;3;false
Edeka;;48.57;24.285;2024-07-19;2024-07-19;;2;18;3;false
DM;;7.6;3.8;2024-07-17;2024-07-17;;2;22;3;false
Vollcorner;;26.58;13.29;2024-07-17;2024-07-17;;2;18;3;false
ARD ZDF Radio;;55.08;27.54;2024-07-15;2024-07-15;;2;20;3;false
Hofpfisterei ;;10;5;2024-07-13;2024-07-13;;1;18;3;false
Edeka ;;23.41;11.705;2024-07-13;2024-07-13;;1;18;3;false
DM;;12.85;6.425;2024-07-13;2024-07-13;;1;22;3;false
Edeka ;;104.11;52.055;2024-07-12;2024-07-12;;1;18;3;false
Netflix ;;13.99;6.995;2024-07-09;2024-07-09;;2;20;3;false
Edeka;;28.72;14.36;2024-07-08;2024-07-08;;2;18;3;false
Hofpfisterei ;1/2 Nussbrot;9.4;4.7;2024-07-06;2024-07-06;;1;18;3;false
Edeka ;;37.42;18.71;2024-07-06;2024-07-06;;1;18;3;false
Edeka ;;40.41;20.205;2024-07-05;2024-07-05;;1;18;3;false
Biergarten Hopfengarten;;30.5;15.25;2024-07-01;2024-07-01;;2;19;3;false
Vollcorner ;;17.39;8.695;2024-06-29;2024-06-29;;1;18;3;false
Vollcorner;Brot;5.68;2.84;2024-06-29;2024-06-29;;2;18;3;false
Edeka ;;115.29;57.645;2024-06-29;2024-06-29;;1;18;3;false
Edeka;;20.19;10.095;2024-06-28;2024-06-28;;2;18;3;false
Strom;;35;17.5;2024-06-28;2024-06-28;;2;20;3;false
Netflix;;4.99;2.495;2024-06-28;2024-06-28;;2;20;3;false
Edeka;;23.88;11.94;2024-06-24;2024-06-24;;2;18;3;false
Edeka in Wartenberg;;54.64;27.32;2024-06-22;2024-06-22;;2;18;3;false
Nüsse in Rossmann;;14;7;2024-06-22;2024-06-22;;2;18;3;false
Blumen Mama Geburtstag;;32.8;16.4;2024-06-21;2024-06-21;;2;17;3;false
Internet ;;34.9;17.45;2024-06-20;2024-06-20;;1;20;3;false
Vatertag Mexiko Regalo;;100;50;2024-06-16;2024-06-16;;2;17;3;false
DM;;23.7;11.85;2024-06-15;2024-06-15;;2;22;3;false
Edeka;;107.13;53.565;2024-06-15;2024-06-15;;2;18;3;false
Vollcorner;;13.78;6.89;2024-06-15;2024-06-15;;2;18;3;false
Edeka ;;18.33;9.165;2024-06-14;2024-06-14;;1;18;3;false
Tanken ;Esso München ;55.62;27.81;2024-06-14;2024-06-14;;1;24;3;false
Tegut Bahnhof;;11.37;5.685;2024-06-10;2024-06-10;;2;18;3;false
Edeka ;;67.52;33.76;2024-06-08;2024-06-08;;1;18;3;false
Vollcorner ;;31.71;15.855;2024-06-08;2024-06-08;;1;18;3;false
Gebana;Avocados und Mangos;20;10;2024-06-07;2024-06-07;;2;18;3;false
Hofpfisterei;;6.57;3.285;2024-06-07;2024-06-07;;2;18;3;false
Obstladen Westend;;10.8;5.4;2024-06-05;2024-06-05;;2;18;3;false
Edeka;;20.82;10.41;2024-06-04;2024-06-04;;2;18;3;false
EDEKA;;12.73;6.365;2024-06-04;2024-06-04;;2;18;3;false
Noi Pizza;;27;13.5;2024-06-02;2024-06-02;;2;19;3;false
Baumarkt ;;177.92;88.96;2024-06-01;2024-06-01;;1;20;3;false
Edeka ;;57.43;28.715;2024-05-31;2024-05-31;;1;18;3;false
Rossmann;;21.21;10.605;2024-05-31;2024-05-31;;2;22;3;false
Vollcorner ;;41.72;20.86;2024-05-31;2024-05-31;;1;18;3;false
Edeka;;21.29;10.645;2024-05-29;2024-05-29;;2;18;3;false
Netflix;;7.99;3.995;2024-05-28;2024-05-28;;2;20;3;false
Strom;;35;17.5;2024-05-28;2024-05-28;;2;20;3;false
Hofpfisterei;;5.22;2.61;2024-05-28;2024-05-28;;2;18;3;false
Edeka;;11.39;5.695;2024-05-28;2024-05-28;;2;18;3;false
Biergarten ;Am Bavariapark ;30.8;15.4;2024-05-26;2024-05-26;;1;19;3;false
Vollcorner ;;9.18;4.59;2024-05-25;2024-05-25;;1;18;3;false
Edeka;;99.79;49.895;2024-05-25;2024-05-25;;2;18;3;false
Edeka;;24.46;12.23;2024-05-21;2024-05-21;;2;18;3;false
Internet ;;34.9;17.45;2024-05-20;2024-05-20;;1;20;3;false
Neuhausener;;51;25.5;2024-05-20;2024-05-20;;1;19;3;false
Biergarten ;Stüberl am Bavariapark;35;17.5;2024-05-19;2024-05-19;;1;19;3;false
DM;Batterien CR2016;5.45;2.725;2024-05-18;2024-05-18;;2;20;3;false
DM ;;12.15;6.075;2024-05-18;2024-05-18;;2;18;3;false
Biokultur;;17.86;8.93;2024-05-18;2024-05-18;;2;18;3;false
Edeka;;57.34;28.67;2024-05-18;2024-05-18;;2;18;3;false
Vollcorner ;;23.14;11.57;2024-05-18;2024-05-18;;1;18;3;false
Noi Pizza;;27;13.5;2024-05-17;2024-05-17;;2;19;3;false
Edeka ;;43.34;21.67;2024-05-16;2024-05-16;;1;18;3;false
Augustiner Keller;Nur 40 von 63;40;20;2024-05-15;2024-05-15;;2;19;3;false
Biergarten ;Augustiner Biergarten ;30;15;2024-05-15;2024-05-15;;1;19;3;false
Seife Mama;;10.2;5.1;2024-05-13;2024-05-13;;2;17;3;false
Edeka ;;11.11;5.555;2024-05-11;2024-05-11;;1;18;3;false
Vollcorner ;;23.41;11.705;2024-05-11;2024-05-11;;2;18;3;false
Edeka;;32.69;16.345;2024-05-11;2024-05-11;;2;18;3;false
Hofpfisterei ;;8.57;4.285;2024-05-11;2024-05-11;;1;18;3;false
CaGo;;50;25;2024-05-10;2024-05-10;;2;19;3;false
Tanken ;Wartenberg ;57.8;28.9;2024-05-09;2024-05-09;;1;24;3;false
Edeka ;;52.63;26.315;2024-05-04;2024-05-04;;1;18;3;false
Baumarkt ;Erde und Planzen fürs Hochbeet ;37.82;18.91;2024-05-03;2024-05-03;;1;20;3;false
Netflix;;7.99;3.995;2024-04-29;2024-04-29;;2;20;3;false
Strom;;35;17.5;2024-04-29;2024-04-29;;2;20;3;false
Edeka ;;89.03;44.515;2024-04-27;2024-04-27;;1;18;3;false
Edeka ;;96.48;48.24;2024-04-20;2024-04-20;;1;18;3;false
Vollcorner ;;38.78;19.39;2024-04-20;2024-04-20;;1;18;3;false
Internet ;;34.9;17.45;2024-04-18;2024-04-18;;1;20;3;false
ARD ZDF Radio;;55.08;27.54;2024-04-15;2024-04-15;;2;20;3;false
Edeka;;38.29;19.145;2024-04-13;2024-04-13;;1;18;3;false
Edeka;;39.11;19.555;2024-04-13;2024-04-13;;2;18;3;false
Kostas;;28.5;14.25;2024-04-13;2024-04-13;;2;18;3;false
DM;;12.65;6.325;2024-04-13;2024-04-13;;1;22;3;false
Vollcorner ;;18.46;9.23;2024-04-13;2024-04-13;;1;18;3;false
Biergarten ;Am Bavariapark ;25;12.5;2024-04-12;2024-04-12;;1;19;3;false
Kostas;;21.1;10.55;2024-04-10;2024-04-10;;2;18;3;false
Biergarten Grünwald;;55;27.5;2024-04-07;2024-04-07;;2;18;3;false
Edeka ;;98.76;49.38;2024-04-06;2024-04-06;;1;18;3;false
Vollcorner ;;51;25.5;2024-04-06;2024-04-06;;1;18;3;false
Kostas;;23;11.5;2024-04-06;2024-04-06;;2;18;3;false
Biergarten ;Hopfengarten im Westpark;23.4;11.7;2024-04-06;2024-04-06;;1;19;3;false
Edeka;;14.02;7.01;2024-04-02;2024-04-02;;2;18;3;false
Edeka ;;81.47;40.735;2024-03-30;2024-03-30;;1;18;3;false
Vollcorner ;;33.37;16.685;2024-03-30;2024-03-30;;1;18;3;false
Strom Jan - März;Januar, Februar, März;105;52.5;2024-03-28;2024-03-28;;2;20;3;false
Netflix Jan-März;;23.97;11.985;2024-03-27;2024-03-27;;2;20;3;false
Kostas;;12.58;6.29;2024-03-25;2024-03-25;;2;18;3;false
Edeka;;19.58;9.79;2024-03-25;2024-03-25;;2;18;3;false
VollCorner;;28.38;14.19;2024-03-25;2024-03-25;;2;18;3;false
DM;Gasflasche;5.65;2.825;2024-03-23;2024-03-23;;1;18;3;false
Vollcorner ;;50.63;25.315;2024-03-23;2024-03-23;;1;18;3;false
Kostas ;;45.11;22.555;2024-03-23;2024-03-23;;2;18;3;false
Internet ;;34.9;17.45;2024-03-23;2024-03-23;;1;20;3;false
Edeka ;;82.41;41.205;2024-03-23;2024-03-23;;1;18;3;false
Edeka;;13.25;6.625;2024-03-19;2024-03-19;;2;18;3;false
Edeka;;18.74;9.37;2024-03-16;2024-03-16;;2;18;3;false
VollCorner;;41.16;20.58;2024-03-16;2024-03-16;;2;18;3;false
DM;;25.2;12.6;2024-03-16;2024-03-16;;2;22;3;false
Kostas;;30.47;15.235;2024-03-16;2024-03-16;;2;18;3;false
Rossmann ;;7.37;3.685;2024-03-16;2024-03-16;;2;22;3;false
Edeka;;30.54;15.27;2024-03-15;2024-03-15;;2;18;3;false
Tanken ;;58.82;29.41;2024-03-15;2024-03-15;;1;24;3;false
Edeka;;37.65;18.825;2024-03-11;2024-03-11;;2;18;3;false
Kostas;;26.3;13.15;2024-03-09;2024-03-09;;2;18;3;false
Vollcorner ;;29.29;14.645;2024-03-09;2024-03-09;;2;18;3;false
Edeka ;;96.45;48.225;2024-03-09;2024-03-09;;1;18;3;false
Edeka;;2.58;1.29;2024-03-05;2024-03-05;;2;18;3;false
Edeka ;;72.12;36.06;2024-03-02;2024-03-02;;1;18;3;false
Edeka;;37.47;18.735;2024-03-01;2024-03-01;;2;18;3;false
Vollcorner ;;22.99;11.495;2024-03-01;2024-03-01;;2;18;3;false
DM;Folio, Thunfisch;13.5;6.75;2024-03-01;2024-03-01;;2;22;3;false
Baby-Erzeugungszeug;Ovulationtest, Gleitmittel;30.9;15.45;2024-02-29;2024-02-29;;2;22;3;false
Vollcorner;;17.59;8.795;2024-02-29;2024-02-29;;2;18;3;false
Unterkunft ;Haus Leitgeb, Moosen 36, Tirol;252;126;2024-02-27;2024-02-27;;1;26;3;false
Mittagessen Hütte;Torte + Cappuccino Skifahren;13.1;6.55;2024-02-27;2024-02-27;;2;26;3;false
Vollcorner ;Putenfleisch + Kokosmilch;19.23;9.615;2024-02-27;2024-02-27;;2;18;3;false
Kostas;Ananas + πατάτες ;12;6;2024-02-27;2024-02-27;;2;18;3;false
Cappuccino ;Bhf Wörgl ;6.8;3.4;2024-02-27;2024-02-27;;2;26;3;false
Schnitzelsemmel;Bhf Wörgl;9.15;4.575;2024-02-27;2024-02-27;;2;26;3;false
Bahntickets ;MUC-Westendorf;78.5;39.25;2024-02-27;2024-02-27;;2;26;3;false
Skipass;Für 2 Personen ;124;62;2024-02-26;2024-02-26;;1;26;3;false
Spar;Lebensmittel ;5.89;2.945;2024-02-26;2024-02-26;;1;26;3;false
Mittagessen ;Gulaschsuppe & Kaffee ;20.2;10.1;2024-02-25;2024-02-25;;1;26;3;false
Skipass;Für 2 Personen ;124;62;2024-02-25;2024-02-25;;1;26;3;false
Mittagessen Hütte;Gröstl, FitnessSalat, Wasser;35.4;17.7;2024-02-24;2024-02-24;;2;26;3;false
Bahntickets;Westendorf-MUC;39.8;19.9;2024-02-24;2024-02-24;;2;26;3;false
Skipass;Tag 1 ab 11 Uhr;128;64;2024-02-24;2024-02-24;;2;26;3;false
Mittagsessen;Kaiserschmarrn + Kaffee;21.3;10.65;2024-02-24;2024-02-24;;2;26;3;false
Depot Ski;;18;9;2024-02-24;2024-02-24;;2;26;3;false
Ski-Ausrüstung;Ski;188;94;2024-02-24;2024-02-24;;2;26;3;false
Spar;Lebensmittel ;24.1;12.05;2024-02-24;2024-02-24;;1;26;3;false
Edeka;;57.34;28.67;2024-02-23;2024-02-23;;2;18;3;false
Internet ;;34.9;17.45;2024-02-21;2024-02-21;;1;20;3;false
Kostas;;30.71;15.355;2024-02-20;2024-02-20;;2;18;3;false
Edeka;;21.67;10.835;2024-02-20;2024-02-20;;2;18;3;false
Vollcorner ;;29.62;14.81;2024-02-17;2024-02-17;;1;18;3;false
Kostas ;;37;18.5;2024-02-17;2024-02-17;;2;18;3;false
Kostas ;Olivenöl;35;17.5;2024-02-17;2024-02-17;;2;18;3;false
Edeka ;;71.18;35.59;2024-02-17;2024-02-17;;1;18;3;false
Kostas;;21.67;10.835;2024-02-14;2024-02-14;;2;18;3;false
Feneberg;;53.36;26.68;2024-02-14;2024-02-14;;2;18;3;false
Vollcorner ;;10.76;5.38;2024-02-10;2024-02-10;;1;18;3;false
Edeka ;;66.56;33.28;2024-02-10;2024-02-10;;1;18;3;false
Vollcorner ;;18.83;9.415;2024-02-09;2024-02-09;;2;18;3;false
Kostas;;18.23;9.115;2024-02-09;2024-02-09;;2;18;3;false
Edeka;;21.17;10.585;2024-02-09;2024-02-09;;2;18;3;false
Rossmann ;;7.45;3.725;2024-02-06;2024-02-06;;2;22;3;false
Braumiller Hofmetzgerei;Fleisch;26.67;13.335;2024-02-04;2024-02-04;;2;18;3;false
La hora;Baumarkt ;11.4;5.7;2024-02-03;2024-02-03;;1;18;3;false
Baumarkt ;;11;5.5;2024-02-03;2024-02-03;;1;20;3;false
Rossmann ;;4.48;2.24;2024-02-02;2024-02-02;;2;22;3;false
Edeka ;;44.76;22.38;2024-02-02;2024-02-02;;2;18;3;false
Vollcorner ;;6.68;3.34;2024-02-02;2024-02-02;;2;18;3;false
Kostas;;43.91;21.955;2024-02-02;2024-02-02;;2;18;3;false
Hofpfisterei;Brot;4;2;2024-01-30;2024-01-30;;2;18;3;false
Biokultur;Käse und Aufschnitt;12.57;6.285;2024-01-30;2024-01-30;;2;18;3;false
Vollcorner ;;9.95;4.975;2024-01-27;2024-01-27;;1;18;3;false
Kostas ;;26.93;13.465;2024-01-27;2024-01-27;;2;18;3;false
DM;;8.3;4.15;2024-01-27;2024-01-27;;1;22;3;false
Edeka ;;64.73;32.365;2024-01-27;2024-01-27;;1;18;3;false
Edeka;;9.37;4.685;2024-01-23;2024-01-23;;2;18;3;false
Kostas;;17.29;8.645;2024-01-23;2024-01-23;;2;18;3;false
Baumarkt ;;45.88;22.94;2024-01-20;2024-01-20;;1;20;3;false
Edeka ;;83.1;41.55;2024-01-20;2024-01-20;;1;18;3;false
Internet ;;34.9;17.45;2024-01-19;2024-01-19;;1;20;3;false
Kostas ;;22.32;11.16;2024-01-19;2024-01-19;;2;18;3;false
ARD ZDF;;55.08;27.54;2024-01-15;2024-01-15;;2;20;3;false
Edeka ;;72.35;36.175;2024-01-13;2024-01-13;;1;18;3;false
Vollcorner ;;47.88;23.94;2024-01-13;2024-01-13;;2;18;3;false
DM;;32.55;16.275;2024-01-13;2024-01-13;;1;22;3;false
Miles;Fahrt zum Flughafen und zurück ;53.7;26.85;2024-01-11;2024-01-11;;1;26;3;false
Vollcorner ;;35.32;17.66;2024-01-11;2024-01-11;;1;18;3;false
Edeka ;;108.24;54.12;2024-01-05;2024-01-05;;1;18;3;false
Vollcorner ;;7.2;3.6;2024-01-05;2024-01-05;;1;18;3;false
SWM Strom ;;35;17.5;2023-12-29;2023-12-29;;2;20;3;false
Netflix Okt-Dez;;23.97;11.985;2023-12-28;2023-12-28;;2;20;3;false
SWM Strom;;145.76;72.88;2023-12-21;2023-12-21;;2;20;3;false
Internet ;;34.9;17.45;2023-12-20;2023-12-20;;1;20;3;false
Hugendubel ;Kalender / Planer;6.95;3.475;2023-12-17;2023-12-17;;1;20;3;false
Weihnachtsmarkt Rotkreuzplatz;Tiroler Toast;16;8;2023-12-16;2023-12-16;;1;18;3;false
Hugendubel;regalo José ;11.99;5.995;2023-12-16;2023-12-16;;2;17;3;false
Kostas ;;20.52;10.26;2023-12-16;2023-12-16;;2;18;3;false
Ausgleichszahlung von Sven;;-500;-250;2023-12-16;2023-12-16;;2;16;3;false
Edeka ;;42.57;21.285;2023-12-16;2023-12-16;;1;18;3;false
Ausgleichszahlung an Montse;;500;250;2023-12-16;2023-12-16;;1;16;3;false
Edeka;;6.16;3.08;2023-12-15;2023-12-15;;2;18;3;false
Edeka ;;20.84;10.42;2023-12-15;2023-12-15;;2;18;3;false
Kostas;;28.24;14.12;2023-12-13;2023-12-13;;2;18;3;false
Vollcorner ;;15.84;7.92;2023-12-09;2023-12-09;;1;18;3;false
Edeka ;;69.53;34.765;2023-12-09;2023-12-09;;1;18;3;false
Edeka;;50.9;25.45;2023-12-08;2023-12-08;;2;18;3;false
Kostas ;;16.73;8.365;2023-12-08;2023-12-08;;2;18;3;false
Vollcorner ;;23.29;11.645;2023-12-08;2023-12-08;;2;18;3;false
Edeka ;;15.12;7.56;2023-12-06;2023-12-06;;1;18;3;false
Rossmann;;9.77;4.885;2023-12-05;2023-12-05;;2;22;3;false
Vollcorner ;;16.53;8.265;2023-12-02;2023-12-02;;1;18;3;false
DM;Gas Zylinder;5.75;2.875;2023-12-02;2023-12-02;;2;18;3;false
Kostas;;23.41;11.705;2023-12-02;2023-12-02;;2;18;3;false
Edeka ;;51.09;25.545;2023-12-02;2023-12-02;;1;18;3;false
Vollcorner ;;8.59;4.295;2023-11-25;2023-11-25;;2;18;3;false
Kostas;;27.62;13.81;2023-11-25;2023-11-25;;2;18;3;false
DM;;3.84;1.92;2023-11-25;2023-11-25;;2;22;3;false
Edeka;;63.65;31.825;2023-11-25;2023-11-25;;2;18;3;false
Internet ;;34.9;17.45;2023-11-24;2023-11-24;;1;20;3;false
Jenny Geburtstag ;Thermen Gutschein ;55;27.5;2023-11-24;2023-11-24;;1;17;3;false
Müller;Geschenk Jenni;22;11;2023-11-23;2023-11-23;;2;17;3;false
Müller ;Socken;28;14;2023-11-23;2023-11-23;;2;20;3;false
Glühbirne Rücklicht;;5.95;2.975;2023-11-23;2023-11-23;;2;24;3;false
Edeka;;42.36;21.18;2023-11-22;2023-11-22;;2;18;3;false
Vollcorner ;;10.37;5.185;2023-11-18;2023-11-18;;2;18;3;false
Edeka;;17.9;8.95;18 11.2023;18 11.2023;;2;18;3;false
Kostas ;;25.65;12.825;2023-11-18;2023-11-18;;2;18;3;false
Edeka ;;18.34;9.17;2023-11-15;2023-11-15;;1;18;3;false
Kostas;;24.85;12.425;2023-11-11;2023-11-11;;2;18;3;false
Edeka ;;105;52.5;2023-11-11;2023-11-11;;1;18;3;false
Vollcorner ;;45.28;22.64;2023-11-11;2023-11-11;;1;18;3;false
Edeka;;6.04;3.02;2023-11-11;2023-11-11;;2;18;3;false
Vollcorner ;;7.78;3.89;2023-11-11;2023-11-11;;2;18;3;false
Kostas;;28.54;14.27;2023-11-04;2023-11-04;;2;18;3;false
Betriebskosten 2022;Nachzahlung Betriebskosten, Heizung, Wasser 2022;1215.23;607.615;2023-11-04;2023-11-04;;2;20;3;false
DM;;2.95;1.475;2023-11-04;2023-11-04;;2;18;3;false
DM;;1.95;0.975;2023-11-04;2023-11-04;;2;22;3;false
Schreibwaren ;Druckpapier;11.5;5.75;2023-11-04;2023-11-04;;2;20;3;false
Edeka;;31.69;15.845;2023-11-04;2023-11-04;;2;18;3;false
Vollcorner ;;21.22;10.61;2023-11-04;2023-11-04;;2;18;3;false
Tanken ;Wartenberg ;59.82;29.91;2023-11-03;2023-11-03;;1;24;3;false
Edeka ;;70.9;35.45;2023-11-02;2023-11-02;;1;18;3;false
DM;;21.85;10.925;2023-10-31;2023-10-31;;2;22;3;false
Museums Tickets;;17;8.5;2023-10-29;2023-10-29;;1;26;3;false
Pizza mit Kinder;;40;20;2023-10-28;2023-10-28;;2;18;3;false
Edeka ;;76.8;38.4;2023-10-28;2023-10-28;;1;18;3;false
Vollcorner ;;29.5;14.75;2023-10-28;2023-10-28;;1;18;3;false
Kostad;;31.45;15.725;2023-10-28;2023-10-28;;2;18;3;false
Gebäck und Brot;;23.43;11.715;2023-10-28;2023-10-28;;2;18;3;false
Edeka;;13.65;6.825;2023-10-27;2023-10-27;;2;18;3;false
Internet ;;34.9;17.45;2023-10-24;2023-10-24;;1;20;3;false
Essen in Seefeld;;45;22.5;2023-10-23;2023-10-23;;2;19;3;false
Vollcorner ;;46.56;23.28;2023-10-21;2023-10-21;;1;18;3;false
Edeka ;;94.21;47.105;2023-10-21;2023-10-21;;1;18;3;false
Edeka;;22.42;11.21;2023-10-21;2023-10-21;;2;18;3;false
Kostas;;38.02;19.01;2023-10-21;2023-10-21;;2;18;3;false
Flixbus Tickets (Hin & Zurück) ;Gleitschirmsprung in Seefeld;43.96;21.98;2023-10-21;2023-10-21;;1;26;3;false
Edeka ;;78.66;39.33;2023-10-19;2023-10-19;;1;18;3;false
Edeka;;8.66;4.33;2023-10-17;2023-10-17;;2;18;3;false
ARD ZDF;;55.08;27.54;2023-10-16;2023-10-16;;2;20;3;false
Edeka ;;32.07;16.035;2023-10-14;2023-10-14;;1;18;3;false
Edeka ;;14.23;7.115;2023-10-13;2023-10-13;;2;18;3;false
Kostas ;;13.86;6.93;2023-10-13;2023-10-13;;2;18;3;false
Batterie Schlüssel MMobil;;8.99;4.495;2023-10-10;2023-10-10;;2;24;3;false
Gusseisen Pfanne;;59.95;29.975;2023-10-10;2023-10-10;;2;20;3;false
Roller Milena;;93.94;46.97;2023-10-10;2023-10-10;;2;17;3;false
Edeka;;13.15;6.575;2023-10-10;2023-10-10;;2;18;3;false
DM;;21.45;10.725;2023-10-07;2023-10-07;;1;22;3;false
Vollcorner ;;54.57;27.285;2023-10-07;2023-10-07;;1;18;3;false
Edeka ;;94.44;47.22;2023-10-07;2023-10-07;;1;18;3;false
Kostas;;38.17;19.085;2023-10-07;2023-10-07;;2;18;3;false
Kostas;;8.14;4.07;2023-10-06;2023-10-06;;2;18;3;false
Edeka;;14.66;7.33;2023-10-06;2023-10-06;;2;18;3;false
Sauna Tegernsee;;115.4;57.7;2023-10-04;2023-10-04;;2;26;3;false
Pizza ;;25;12.5;2023-09-30;2023-09-30;;2;18;3;false
Netflix Aug - Sept;;15.98;7.99;2023-09-30;2023-09-30;;2;20;3;false
Edeka ;;37.21;18.605;2023-09-30;2023-09-30;;1;18;3;false
Kostas ;;16.33;8.165;2023-09-30;2023-09-30;;2;18;3;false
Vollcorner ;;26.17;13.085;2023-09-30;2023-09-30;;1;18;3;false
Strom SWM;;25;12.5;2023-09-29;2023-09-29;;2;20;3;false
Edeka ;;61.18;30.59;2023-09-28;2023-09-28;;1;18;3;false
Internet ;;34.9;17.45;2023-09-27;2023-09-27;;1;20;3;false
Netflix;;7.99;3.995;2023-09-27;2023-09-27;;2;20;3;false
Geschenk für Ingrid;;80;40;2023-09-24;2023-09-24;;1;17;3;false
Edeka ;;23.25;11.625;2023-09-23;2023-09-23;;2;18;3;false
Edeka;;26.98;13.49;2023-09-22;2023-09-22;;2;18;3;false
Kostas ;;30;15;2023-09-21;2023-09-21;;2;18;3;false
Biergarten ;Biergarten am Bavariapark ;36;18;2023-09-20;2023-09-20;;1;19;3;false
Edeka ;;39.63;19.815;2023-09-16;2023-09-16;;1;18;3;false
Edeka ;;61.67;30.835;2023-09-14;2023-09-14;;1;18;3;false
Lenz Geburtstag ;Gutschein Hagebaumarkt;40;20;2023-09-09;2023-09-09;;1;17;3;false
Edeka ;;127.22;63.61;2023-09-09;2023-09-09;;1;18;3;false
Ausgleichszahlung von Sven;;-800;-400;2023-09-09;2023-09-09;;2;16;3;false
Pfand;;-4.45;-2.225;2023-09-09;2023-09-09;;2;18;3;false
Ausgleichszahlung an Montse;;800;400;2023-09-09;2023-09-09;;1;16;3;false
Mercado de México ;;15.1;7.55;2023-09-08;2023-09-08;;2;18;3;false
Obst;;10;5;2023-09-08;2023-09-08;;2;18;3;false
Edeka ;;41.26;20.63;2023-09-08;2023-09-08;;2;18;3;false
Galeria Kaufhof;Weinglässer, Untersetzer;50.23;25.115;2023-09-08;2023-09-08;;2;20;3;false
Vollcorner ;;34.4;17.2;2023-09-08;2023-09-08;;2;18;3;false
Edeka;;17.44;8.72;2023-09-05;2023-09-05;;2;18;3;false
Edeka ;;18.4;9.2;2023-09-01;2023-09-01;;2;18;3;false
Vollcorner ;;10.33;5.165;2023-09-01;2023-09-01;;2;18;3;false
Edeka;;26.58;13.29;2023-09-01;2023-09-01;;2;18;3;false
Spannbetttuch + Reissverschluss;;33.24;16.62;2023-08-29;2023-08-29;;2;20;3;false
Strom;;25;12.5;2023-08-28;2023-08-28;;2;20;3;false
Massage;;130;65;2023-08-27;2023-08-27;;1;17;3;false
Internet ;;34.9;17.45;2023-08-27;2023-08-27;;1;20;3;false
La hora;Rischart am Rotkreuzplatz ;14.9;7.45;2023-08-27;2023-08-27;;1;19;3;false
Norwegen;4500 NOK: AnneGerd (3300), Camping gas (200), Busse (390), Coffee&Cake Vikjorda (200), Ice cream Bodo (100) +  ? (210);402.41;201.205;2023-08-26;2023-08-26;;2;26;3;false
DM;;53.6;26.8;2023-08-26;2023-08-26;;1;22;3;false
Edeka;;29.43;14.715;2023-08-26;2023-08-26;;2;18;3;false
Edeka ;;55.42;27.71;2023-08-26;2023-08-26;;1;18;3;false
Vollcorner ;;29.02;14.51;2023-08-26;2023-08-26;;1;18;3;false
Norwegen ;Coffee & Cake Flughafen Bodø ;17.75;8.875;2023-08-25;2023-08-25;;2;26;3;false
Norwegen ;Brown cheese ;10.97;5.485;2023-08-25;2023-08-25;;2;26;3;false
Norwegen ;Essen Flughafen Oslo;27.33;13.665;2023-08-25;2023-08-25;;2;26;3;false
Norwegen ;Chocolate ;6.79;3.395;2023-08-25;2023-08-25;;2;26;3;false
Norwegen;Buss zum Flughafen in Bodø;11;5.5;2023-08-25;2023-08-25;;1;26;3;false
Norwegen ;Essen Flughafen Bodø;17.23;8.615;2023-08-25;2023-08-25;;2;26;3;false
Norwegen ;Bus Å - Moskenes ;11.14;5.57;2023-08-25;2023-08-25;;2;26;3;false
Norwegen ;Coffee & Cake Å;15.51;7.755;2023-08-24;2023-08-24;;2;26;3;false
Norwegen ;Pasta, Sauce, Souvenirs, Cheese slicer;30.67;15.335;2023-08-24;2023-08-24;;2;26;3;false
Norwegen ;Hostel Å;79.36;39.68;2023-08-23;2023-08-23;;2;26;3;false
Norwegen ;Coop - Cookies;14.97;7.485;2023-08-22;2023-08-22;;2;26;3;false
Norwegen ;Boat Kjerkefjord - Reine;17.42;8.71;2023-08-20;2023-08-20;;2;26;3;false
Norwegen ;Bus Reine - Leknes;22.82;11.41;2023-08-20;2023-08-20;;2;26;3;false
Norwegen ;Bunnpris Lebensmittel ;47.3;23.65;2023-08-20;2023-08-20;;2;26;3;false
Norwegen ;REMA - Lebensmittel;37.37;18.685;2023-08-16;2023-08-16;;2;26;3;false
Norwegen ;REMA Bier und Schocki;18.93;9.465;2023-08-16;2023-08-16;;2;26;3;false
Norwegen ;Essen in Bodø ;58.06;29.03;2023-08-11;2023-08-11;;2;26;3;false
Norwegen ;Bus Bodø Flufghafen - Bodø Kai;11.49;5.745;2023-08-11;2023-08-11;;2;26;3;false
Norwegen ;Boot Bodø - Svolvær;104.09;52.045;2023-08-11;2023-08-11;;2;26;3;false
DM;;6.1;3.05;2023-08-07;2023-08-07;;1;22;3;false
Edeka ;;62.36;31.18;2023-08-07;2023-08-07;;1;18;3;false
Geschenk für Gralle;Asbach + Afri Cola ;14.93;7.465;2023-08-06;2023-08-06;;1;17;3;false
Tanken;Wartenberg ;53.93;26.965;2023-08-06;2023-08-06;;1;24;3;false
Baumarkt;Fussmate + Akku-Ladegerät mit Akkus AA;52.93;26.465;2023-08-05;2023-08-05;;2;20;3;false
Edeka;queso ;4.77;2.385;2023-08-04;2023-08-04;;2;18;3;false
Edeka ;;54.54;27.27;2023-08-03;2023-08-03;;1;18;3;false
Aldi;5x Studentenfutter;8.45;4.225;2023-08-03;2023-08-03;;1;18;3;false
Kostas ;;12.46;6.23;2023-07-29;2023-07-29;;2;18;3;false
Edeka ;;63.77;31.885;2023-07-29;2023-07-29;;1;18;3;false
Vollcorner ;;18.46;9.23;2023-07-29;2023-07-29;;1;18;3;false
Strom;;25;12.5;2023-07-28;2023-07-28;;2;20;3;false
Netflix April-Juli;;31.96;15.98;2023-07-27;2023-07-27;;2;20;3;false
Norwegen ;Globetrotter - Trocken Nahrung & Seife ;113.89;56.945;2023-07-22;2023-07-22;;1;26;3;false
Edeka;;16.53;8.265;2023-07-22;2023-07-22;;2;18;3;false
Biergarten ;;50;25;2023-07-22;2023-07-22;;1;19;3;false
Vollcorner ;;23.45;11.725;2023-07-22;2023-07-22;;1;18;3;false
Edeka ;;62.71;31.355;2023-07-22;2023-07-22;;1;18;3;false
Rossmann;;4.67;2.335;2023-07-19;2023-07-19;;2;22;3;false
Internet ;;34.9;17.45;2023-07-19;2023-07-19;;1;20;3;false
ARD ZDF;;55.08;27.54;2023-07-17;2023-07-17;;2;20;3;false
Norwegen ;Flüge;974.1;487.05;2023-07-16;2023-07-16;;2;26;3;false
Norwegen ;Hotel Svolvaer;71.78;35.89;2023-07-16;2023-07-16;;2;26;3;false
Edeka ;;67;33.5;2023-07-15;2023-07-15;;1;18;3;false
Vollcorner ;;22.98;11.49;2023-07-15;2023-07-15;;1;18;3;false
Kostas ;;43;21.5;2023-07-15;2023-07-15;;2;18;3;false
Edeka ;;45.76;22.88;2023-07-12;2023-07-12;;1;18;3;false
Kostas;;31.2;15.6;2023-07-10;2023-07-10;;2;18;3;false
Rossmann;;4.5;2.25;2023-07-10;2023-07-10;;2;22;3;false
Edeka ;;36.76;18.38;2023-07-06;2023-07-06;;1;18;3;false
Edeka ;;54.59;27.295;2023-07-01;2023-07-01;;1;18;3;false
Vollcorner ;;26.59;13.295;2023-07-01;2023-07-01;;1;18;3;false
Kostas;;33.04;16.52;2023-07-01;2023-07-01;;2;18;3;false
Strom;;25;12.5;2023-06-30;2023-06-30;;2;20;3;false
Edeka;;45.07;22.535;2023-06-27;2023-06-27;;1;18;3;false
Vollcorner ;;8.37;4.185;2023-06-24;2023-06-24;;2;18;3;false
REWE;;16.36;8.18;2023-06-24;2023-06-24;;2;18;3;false
Brot;;8.91;4.455;2023-06-24;2023-06-24;;2;18;3;false
Kostas;;26.57;13.285;2023-06-23;2023-06-23;;2;18;3;false
Internet ;;34.9;17.45;2023-06-20;2023-06-20;;1;20;3;false
Kostas;;15;7.5;2023-06-17;2023-06-17;;2;18;3;false
Vollcorner ;;17.07;8.535;2023-06-17;2023-06-17;;1;18;3;false
Edeka;;39.85;19.925;2023-06-17;2023-06-17;;1;18;3;false
Kostas;;45.9;22.95;2023-06-14;2023-06-14;;2;18;3;false
Griechenland ;Tiny House Korouta;121.51;60.755;2023-06-13;2023-06-13;;2;26;3;false
Biergarten ;;43;21.5;2023-06-13;2023-06-13;;1;19;3;false
Breakfast Flughafen Athenen;Griechenland ;20.3;10.15;2023-06-13;2023-06-13;;2;26;3;false
Griechenland ;Parthenis Riviera Hotel ;68;34;2023-06-13;2023-06-13;;2;26;3;false
Kostas;;10.64;5.32;2023-06-13;2023-06-13;;2;18;3;false
Griechenland ;Hotel letzter Tag;68;34;2023-06-13;2023-06-13;;2;26;3;false
Olympia Tickets ;Griechenland ;24;12;2023-06-12;2023-06-12;;2;26;3;false
Gas LPG;Griechenland ;10;5;2023-06-12;2023-06-12;;2;26;3;false
Griechenland ;Autobahn Maut;14.6;7.3;2023-06-12;2023-06-12;;1;26;3;false
Griechenland ;Essen in Olympia bei George;26;13;2023-06-12;2023-06-12;;1;26;3;false
Griechenland ;Autobahn Maut;15;7.5;2023-06-12;2023-06-12;;1;26;3;false
Gasoline Olympia ;Griechenland ;23.01;11.505;2023-06-12;2023-06-12;;2;26;3;false
Griechenland ;Essen am Strand in Kourouta ;20;10;2023-06-11;2023-06-11;;1;26;3;false
Griechenland ;Lebensmittel in Kourouta ;6.7;3.35;2023-06-11;2023-06-11;;1;26;3;false
Griechenland ;Abendessen am Strand in Kourouta ;30;15;2023-06-11;2023-06-11;;1;26;3;false
Griechenland ;Lebensmittel in Kourouta ;26.8;13.4;2023-06-09;2023-06-09;;1;26;3;false
Griechenland ;Automiete;83;41.5;2023-06-09;2023-06-09;;2;26;3;false
Griechenland ;Hotel Athen Raise Boutique ;241.62;120.81;2023-06-09;2023-06-09;;2;26;3;false
Gas LPG;Griechenland ;26.93;13.465;2023-06-09;2023-06-09;;2;26;3;false
Mittagessen Patras am Strand :);Griechenland ;45;22.5;2023-06-09;2023-06-09;;2;26;3;false
Breakfast Athen;Griechenland ;27;13.5;2023-06-08;2023-06-08;;2;26;3;false
Gelato Mr. Puffs;Griechenland ;6;3;2023-06-08;2023-06-08;;2;26;3;false
Bandiera Athen;Griechenland ;37.5;18.75;2023-06-08;2023-06-08;;2;26;3;false
Griechenland ;Mittagessen Sparta Point;36;18;2023-06-08;2023-06-08;;1;26;3;false
Abendessen Monastiraki;Griechenland ;25;12.5;2023-06-07;2023-06-07;;2;26;3;false
Griechenland ;Frühstück in Athen ;35;17.5;2023-06-07;2023-06-07;;1;26;3;false
Griechenland ;Airbnb Kouruta Tiny House;112.51;56.255;2023-06-06;2023-06-06;;2;26;3;false
Griechenland ;Abendessen in Athen (Taverna) ;50;25;2023-06-06;2023-06-06;;1;26;3;false
ÖPNV Athens 3 Tage;Griechenland ;40;20;2023-06-06;2023-06-06;;2;26;3;false
Edeka;;44.16;22.08;2023-06-03;2023-06-03;;2;18;3;false
Vollcorner;;10.76;5.38;2023-06-03;2023-06-03;;2;18;3;false
Kostas;;26.19;13.095;2023-06-03;2023-06-03;;2;18;3;false
Vollcorner ;;8.28;4.14;2023-06-03;2023-06-03;;1;18;3;false
Edeka ;;89.84;44.92;2023-06-01;2023-06-01;;1;18;3;false
Tanken;;56.93;28.465;2023-05-28;2023-05-28;;1;24;3;false
Edeka ;;59.77;29.885;2023-05-26;2023-05-26;;1;18;3;false
Internet;;34.9;17.45;2023-05-23;2023-05-23;;1;20;3;false
Vollcorner ;;31.73;15.865;2023-05-20;2023-05-20;;2;18;3;false
Edeka;;15.02;7.51;2023-05-20;2023-05-20;;2;18;3;false
Rossmann;;14.13;7.065;2023-05-20;2023-05-20;;2;22;3;false
Kostas;;35;17.5;2023-05-20;2023-05-20;;2;18;3;false
Tanken ;Daimel Wartenberg;57.57;28.785;2023-05-14;2023-05-14;;1;24;3;false
Edeka ;;15;7.5;2023-05-13;2023-05-13;;2;18;3;false
DM;;20;10;2023-05-13;2023-05-13;;2;22;3;false
Kostas;;30.61;15.305;2023-05-13;2023-05-13;;2;18;3;false
Apotheke;Folio;9.95;4.975;2023-05-13;2023-05-13;;2;18;3;false
Vollcorner;;33.03;16.515;2023-05-13;2023-05-13;;2;18;3;false
Edeka;;76.57;38.285;2023-05-13;2023-05-13;;2;18;3;false
Edeka;;6.97;3.485;2023-05-12;2023-05-12;;2;18;3;false
Edeka;;50.24;25.12;2023-05-06;2023-05-06;;2;18;3;false
Edeka;;21.55;10.775;2023-05-06;2023-05-06;;2;18;3;false
Vollcorner;;33.33;16.665;2023-05-06;2023-05-06;;2;18;3;false
Edeka;;40.02;20.01;2023-05-06;2023-05-06;;2;18;3;false
Pollito 🍗;;12;6;2023-05-03;2023-05-03;;2;18;3;false
Edeka ;;67.96;33.98;2023-04-29;2023-04-29;;1;18;3;false
Vollcorner ;;36.61;18.305;2023-04-29;2023-04-29;;1;18;3;false
Internet ;;34.9;17.45;2023-04-24;2023-04-24;;1;20;3;false
Edeka;;12.38;6.19;2023-04-24;2023-04-24;;2;18;3;false
Tatami Matten;9 Matten;100;50;2023-04-23;2023-04-23;;1;20;3;false
Kostas;;42.3;21.15;2023-04-22;2023-04-22;;2;18;3;false
Edeka;;47.02;23.51;2023-04-22;2023-04-22;;2;18;3;false
Vollcorner ;;28.7;14.35;2023-04-22;2023-04-22;;1;18;3;false
Kostas;;7;3.5;2023-04-22;2023-04-22;;2;18;3;false
ARD ZDF Beitragsservice;;55.08;27.54;2023-04-17;2023-04-17;;2;20;3;false
Edeka ;;56.98;28.49;2023-04-15;2023-04-15;;1;18;3;false
Vollcorner ;;15.55;7.775;2023-04-15;2023-04-15;;1;18;3;false
Kostas;;19.74;9.87;2023-04-14;2023-04-14;;2;18;3;false
Bäcker ;Brot;5;2.5;2023-04-13;2023-04-13;;1;18;3;false
Edeka;;23.07;11.535;2023-04-13;2023-04-13;;2;18;3;false
Vollcorner;;6.79;3.395;2023-04-08;2023-04-08;;2;18;3;false
Edeka;;35.42;17.71;2023-04-08;2023-04-08;;2;18;3;false
Rossmann;;8.22;4.11;2023-04-08;2023-04-08;;2;22;3;false
Vollcorner ;;23.87;11.935;2023-04-08;2023-04-08;;2;18;3;false
Bäcker ;Brot;5;2.5;2023-04-06;2023-04-06;;1;18;3;false
Edeka ;;101.73;50.865;2023-04-06;2023-04-06;;1;18;3;false
Vollcorner;;5.18;2.59;2023-04-01;2023-04-01;;2;18;3;false
Kostas;;27.16;13.58;2023-04-01;2023-04-01;;2;18;3;false
Edeka;;61.54;30.77;2023-04-01;2023-04-01;;2;18;3;false
Kostas;;38.59;19.295;2023-04-01;2023-04-01;;2;18;3;false
Vollcorner;;18.44;9.22;2023-04-01;2023-04-01;;2;18;3;false
Vollcorner;;12.96;6.48;2023-03-29;2023-03-29;;2;18;3;false
Netflix;;7.99;3.995;2023-03-28;2023-03-28;;2;20;3;false
Tulipani;;23.6;11.8;2023-03-27;2023-03-27;;2;20;3;false
DM;;14.15;7.075;2023-03-25;2023-03-25;;2;22;3;false
Kostas;;27.45;13.725;2023-03-25;2023-03-25;;2;18;3;false
Brot;;2.11;1.055;2023-03-25;2023-03-25;;2;18;3;false
Vollcorner;;36.79;18.395;2023-03-25;2023-03-25;;2;18;3;false
Edeka;;20.3;10.15;2023-03-25;2023-03-25;;2;18;3;false
Edeka ;;43.25;21.625;2023-03-24;2023-03-24;;1;18;3;false
Internet ;;34.9;17.45;2023-03-23;2023-03-23;;1;20;3;false
Edeka;;23.35;11.675;2023-03-20;2023-03-20;;2;18;3;false
Griechenland ;Flugtickets für 2 Personen ;538.76;269.38;2023-03-19;2023-03-19;;1;26;3;false
Edeka;;19.39;9.695;2023-03-18;2023-03-18;;2;18;3;false
Edeka ;;77.2;38.6;2023-03-18;2023-03-18;;1;18;3;false
Vollcorner ;;26.99;13.495;2023-03-18;2023-03-18;;1;18;3;false
Kostas;;39.01;19.505;2023-03-18;2023-03-18;;2;18;3;false
Brot;;9.5;4.75;2023-03-17;2023-03-17;;2;18;3;false
Kostas;;28.56;14.28;2023-03-14;2023-03-14;;2;18;3;false
Vollcorner;;9.94;4.97;2023-03-14;2023-03-14;;2;18;3;false
Vollcorner ;;55.13;27.565;2023-03-11;2023-03-11;;1;18;3;false
Edeka ;;76.8;38.4;2023-03-10;2023-03-10;;1;18;3;false
DM;;5.3;2.65;2023-03-06;2023-03-06;;2;22;3;false
Baumarkt ;Erde, Topf, Fußmatte, Haken, Lasur;73.95;36.975;2023-03-04;2023-03-04;;1;20;3;false
Kostas ;;51.11;25.555;2023-03-04;2023-03-04;;2;18;3;false
Edeka ;;68.55;34.275;2023-03-04;2023-03-04;;1;18;3;false
Vollcorner ;;26.48;13.24;2023-03-04;2023-03-04;;1;18;3;false
Vollcorner ;;35.52;17.76;2023-03-01;2023-03-01;;1;18;3;false
Netflix;;7.99;3.995;2023-03-01;2023-03-01;;2;20;3;false
Strom;;32;16;2023-02-28;2023-02-28;;2;20;3;false
Edeka;;42.67;21.335;2023-02-28;2023-02-28;;2;18;3;false
Tanken;Deimel Wartenberg ;49.09;24.545;2023-02-26;2023-02-26;;1;24;3;false
Geschenk für Andi 40er;Gutschein Augustiner Bräustube;40;20;2023-02-25;2023-02-25;;1;17;3;false
CaVa;Essen mit José;80;40;2023-02-23;2023-02-23;;2;19;3;false
Internet ;;34.9;17.45;2023-02-20;2023-02-20;;1;20;3;false
Vollcorner;;5.38;2.69;2023-02-18;2023-02-18;;2;18;3;false
Kostas;;47.66;23.83;2023-02-18;2023-02-18;;2;18;3;false
Edeka;;54.2;27.1;2023-02-18;2023-02-18;;1;18;3;false
Vollcorner ;;25.96;12.98;2023-02-18;2023-02-18;;2;18;3;false
Edeka;;7.22;3.61;2023-02-17;2023-02-17;;2;18;3;false
Edeka ;;51.71;25.855;2023-02-11;2023-02-11;;1;18;3;false
Kostas;;87.88;43.94;2023-02-11;2023-02-11;;2;18;3;false
Vollcorner ;;56.54;28.27;2023-02-11;2023-02-11;;1;18;3;false
DM;Nachfüllseife (Frosch) ;4.9;2.45;2023-02-11;2023-02-11;;1;22;3;false
Geschenk für Milena ;Skateboard & Schonerset;49.82;24.91;2023-02-08;2023-02-08;;1;17;3;false
Vollcorner ;;90.26;45.13;2023-02-04;2023-02-04;;1;18;3;false
Edeka;;38.83;19.415;2023-02-04;2023-02-04;;1;18;3;false
Kostas ;;20;10;2023-01-31;2023-01-31;;2;18;3;false
Vollcorner ;;13.5;6.75;2023-01-31;2023-01-31;;2;18;3;false
Strom;;32;16;2023-01-30;2023-01-30;;2;20;3;false
Edeka;;58.09;29.045;2023-01-28;2023-01-28;;2;18;3;false
Edeka ;;20.93;10.465;2023-01-28;2023-01-28;;1;18;3;false
DM;;9;4.5;2023-01-28;2023-01-28;;2;22;3;false
Edeka;;54.37;27.185;2023-01-28;2023-01-28;;2;18;3;false
Edeka;;26.37;13.185;2023-01-28;2023-01-28;;2;18;3;false
Netflix;;7.99;3.995;2023-01-28;2023-01-28;;2;20;3;false
Vollcorner ;;21.16;10.58;2023-01-24;2023-01-24;;2;18;3;false
Edeka;;46.83;23.415;2023-01-23;2023-01-23;;2;18;3;false
Deko;Tischläufer;17.99;8.995;2023-01-21;2023-01-21;;2;20;3;false
Edeka;;10.56;5.28;2023-01-20;2023-01-20;;2;18;3;false
Internet;;34.9;17.45;2023-01-20;2023-01-20;;1;20;3;false
Brot;;4.51;2.255;2023-01-19;2023-01-19;;2;18;3;false
ARD ZDF Radio;;55.08;27.54;2023-01-16;2023-01-16;;2;20;3;false
Vollcorner;;41.7;20.85;2023-01-16;2023-01-16;;2;18;3;false
Tanken;Wartenberg;54.8;27.4;2023-01-14;2023-01-14;;1;24;3;false
Rewe Erding;;53.92;26.96;2023-01-13;2023-01-13;;2;18;3;false
Edeka;;46.72;23.36;2023-01-12;2023-01-12;;1;18;3;false
Ausgleichzahlung von Sven;;-48.97;-24.485;2022-12-31;2022-12-31;;2;16;3;false
Ausgleichszahlung an Montse;;48.97;24.485;2022-12-31;2022-12-31;;1;16;3;false
Internet;M-Net ;34.9;17.45;2022-12-22;2022-12-22;;1;20;3;false
SWM Strom;;32;16;2022-12-18;2022-12-18;;2;20;3;false
DM;Verschiedene;20;10;2022-12-10;2022-12-10;;2;22;3;false
Kostas ;Olivenöl X 2 Aufschnitt;90;45;2022-12-10;2022-12-10;;2;18;3;false
Hugendubel ;Bücher;43.98;21.99;2022-12-10;2022-12-10;;2;17;3;false
Vollcorner;Brot;3.83;1.915;2022-12-10;2022-12-10;;2;18;3;false
Edeka;;50;25;2022-12-10;2022-12-10;;2;18;3;false
Vollcorner;Fleisch und Cookies;17.16;8.58;2022-12-10;2022-12-10;;2;18;3;false
Edeka;;61.01;30.505;2022-12-07;2022-12-07;;1;18;3;false
Vollcorner;;14.7;7.35;2022-12-03;2022-12-03;;2;18;3;false
Kostas;;16;8;2022-12-03;2022-12-03;;2;18;3;false
Edeka ;;73.56;36.78;2022-12-01;2022-12-01;;1;18;3;false
Rossman ;Kerzen + Nüsse;19.47;9.735;2022-12-01;2022-12-01;;1;18;3;false
SWM Strom;;32;16;2022-11-28;2022-11-28;;2;20;3;false
Edeka;;42.15;21.075;2022-11-27;2022-11-27;;2;18;3;false
Kostas;;27.3;13.65;2022-11-27;2022-11-27;;2;18;3;false
Hugendubel;;31.97;15.985;2022-11-26;2022-11-26;;2;17;3;false
Vollcorner;;51.28;25.64;2022-11-26;2022-11-26;;2;18;3;false
Vollcorner;;33.71;16.855;2022-11-24;2022-11-24;;2;18;3;false
Obstladen Westend;;12.15;6.075;2022-11-23;2022-11-23;;2;18;3;false
Edeka ;;67.28;33.64;2022-11-22;2022-11-22;;1;18;3;false
Internet ;M-Net ;34.9;17.45;2022-11-22;2022-11-22;;1;20;3;false
Kostas;;31.95;15.975;2022-11-21;2022-11-21;;2;18;3;false
Edeka ;;52.05;26.025;2022-11-19;2022-11-19;;1;18;3;false
Vollcorner;;24.94;12.47;2022-11-19;2022-11-19;;2;18;3;false
Kostas;;50;25;2022-11-19;2022-11-19;;1;18;3;false
Vollcorner ;;57;28.5;2022-11-12;2022-11-12;;2;18;3;false
Edeka ;;73.56;36.78;2022-11-12;2022-11-12;;1;18;3;false
Edeka;;6.93;3.465;2022-11-12;2022-11-12;;2;18;3;false
Bäckerei ;Brot und Kuchen;11;5.5;2022-11-11;2022-11-11;;2;18;3;false
Vollcorner;;19.76;9.88;2022-11-11;2022-11-11;;2;18;3;false
Edeka ;;50.18;25.09;2022-11-08;2022-11-08;;1;18;3;false
Tanken;Deimel Wartenberg;50.49;25.245;2022-11-06;2022-11-06;;1;24;3;false
Edeka;;115.21;57.605;2022-10-29;2022-10-29;;1;18;3;false
Vollcorner;;14.6;7.3;2022-10-29;2022-10-29;;1;18;3;false
Reparatur & TÜV;Reparaturen (Scheinwerferglühbirne 2x, Heckklappenstoßdämpfer, Rückspiegel) und TÜV;400;200;2022-10-26;2022-10-26;;1;24;3;false
Vollcorner;;26.07;13.035;2022-10-22;2022-10-22;;1;18;3;false
Edeka;;8.83;4.415;2022-10-22;2022-10-22;;2;18;3;false
Rossmann;Schwangerschaftstest, welche Kategorie?;12.45;6.225;2022-10-22;2022-10-22;;2;20;3;false
Edeka ;;57.36;28.68;2022-10-22;2022-10-22;;1;18;3;false
Apotheke;Folio, Kaiser Natron, Birkenzucker;13.7;6.85;2022-10-22;2022-10-22;;1;22;3;false
Internet ;;34.9;17.45;2022-10-21;2022-10-21;;1;20;3;false
SWM Strom Rückzahlung;;-14.27;-7.135;2022-10-19;2022-10-19;;2;20;3;false
Kostas;;20.38;10.19;2022-10-19;2022-10-19;;2;18;3;false
DM;;19.5;9.75;2022-10-19;2022-10-19;;2;22;3;false
Feneberg;;8.81;4.405;2022-10-19;2022-10-19;;2;18;3;false
Kostas;;25;12.5;2022-10-17;2022-10-17;;2;18;3;false
Edeka;;22.94;11.47;2022-10-17;2022-10-17;;2;18;3;false
ARD ZDF Radiobeitragsservice;;55.08;27.54;2022-10-17;2022-10-17;;2;20;3;false
Vollcorner;;22.97;11.485;2022-10-17;2022-10-17;;2;18;3;false
Brot;Café / Bäckerei in der Karl-Spengler-Straße ;5;2.5;2022-10-13;2022-10-13;;1;18;3;false
Vollcorner;;51.74;25.87;2022-10-12;2022-10-12;;2;18;3;false
Vollcorner;;31.99;15.995;2022-10-08;2022-10-08;;1;18;3;false
Edeka;;64.01;32.005;2022-10-08;2022-10-08;;1;18;3;false
Parken;Wanderparkplatz Ettal;6;3;2022-10-07;2022-10-07;;1;24;3;false
Tanken;Rückfahrt Ettal (Notkarspitze) ;65.48;32.74;2022-10-07;2022-10-07;;1;24;3;false
Edeka;;79.31;39.655;2022-10-06;2022-10-06;;1;18;3;false
Edeka;;22.19;11.095;2022-10-01;2022-10-01;;2;18;3;false
Vollcorner;;45.47;22.735;2022-10-01;2022-10-01;;2;18;3;false
Netflix;;7.99;3.995;2022-10-01;2022-10-01;;2;20;3;false
Edeka;;37.48;18.74;2022-10-01;2022-10-01;;2;18;3;false
SWM Storm;;27;13.5;2022-09-28;2022-09-28;;2;20;3;false
Netflix;;7.99;3.995;2022-09-27;2022-09-27;;2;20;3;false
Vollcorner;;71.36;35.68;2022-09-24;2022-09-24;;1;18;3;false
Edeka ;;60.86;30.43;2022-09-24;2022-09-24;;1;18;3;false
Edeka;;16.15;8.075;2022-09-24;2022-09-24;;1;18;3;false
Internet ;;34.9;17.45;2022-09-20;2022-09-20;;1;20;3;false
Edeka ;;17.88;8.94;2022-09-17;2022-09-17;;1;18;3;false
Vollcorner;;60.03;30.015;2022-09-17;2022-09-17;;1;18;3;false
Brot;;4.1;2.05;2022-09-16;2022-09-16;;1;18;3;false
Rossmann;;17.43;8.715;2022-09-15;2022-09-15;;1;18;3;false
Edeka;;58.62;29.31;2022-09-15;2022-09-15;;2;18;3;false
Edeka;;9.59;4.795;2022-09-15;2022-09-15;;1;18;3;false
Biergarten mit José;;48.3;24.15;2022-09-13;2022-09-13;;2;19;3;false
Vollcorner;;35.06;17.53;2022-09-10;2022-09-10;;1;18;3;false
Edeka;;27.6;13.8;2022-09-10;2022-09-10;;1;18;3;false
Umlagefähigen Betriebskosten 2021;;386.51;193.255;2022-09-09;2022-09-09;;2;20;3;false
Edeka;;63.57;31.785;2022-09-07;2022-09-07;;1;18;3;false
Edeka;;25.33;12.665;2022-09-03;2022-09-03;;2;18;3;false
Brot;;4.84;2.42;2022-09-02;2022-09-02;;2;18;3;false
Schinken;;29.71;14.855;2022-09-02;2022-09-02;;2;18;3;false
Vollcorner;;32.25;16.125;2022-09-02;2022-09-02;;2;18;3;false
Edeka;;43.14;21.57;2022-08-30;2022-08-30;;2;18;3;false
Netflix;;7.99;3.995;2022-08-29;2022-08-29;;2;20;3;false
SWM Strom;;27;13.5;2022-08-29;2022-08-29;;2;20;3;false
Edeka;;82.86;41.43;2022-08-26;2022-08-26;;1;18;3;false
Geschenk;Kilian Geburtstag;25;12.5;2022-08-23;2022-08-23;;1;17;3;false
Geschenk;Baumarktgutschein für Lenz Geburtstag;50;25;2022-08-23;2022-08-23;;1;17;3;false
Tanken;;75.69;37.845;2022-08-21;2022-08-21;;1;24;3;false
Edeka;;68.46;34.23;2022-08-20;2022-08-20;;1;18;3;false
Vollcorner;;59.36;29.68;2022-08-20;2022-08-20;;1;18;3;false
Internet;;34.9;17.45;2022-08-19;2022-08-19;;1;20;3;false
Edeka;;8.86;4.43;2022-08-14;2022-08-14;;2;18;3;false
Vollcorner;;47.44;23.72;2022-08-13;2022-08-13;;1;18;3;false
Edeka ;;53.04;26.52;2022-08-13;2022-08-13;;1;18;3;false
DM;;15.7;7.85;2022-08-13;2022-08-13;;1;22;3;false
Madame Hu mit Pili;;64;32;2022-08-12;2022-08-12;;2;19;3;false
Edeka;;29.65;14.825;2022-08-10;2022-08-10;;1;18;3;false
Edeka;;52.19;26.095;2022-08-04;2022-08-04;;1;18;3;false
Edeka;;49.47;24.735;2022-08-03;2022-08-03;;2;18;3;false
Edeka;;52.85;26.425;2022-07-30;2022-07-30;;2;18;3;false
Vollcorner;;11.37;5.685;2022-07-30;2022-07-30;;2;18;3;false
DM;;21.75;10.875;2022-07-30;2022-07-30;;2;22;3;false
SWM Strom;;27;13.5;2022-07-28;2022-07-28;;2;20;3;false
Edeka;;50.78;25.39;2022-07-28;2022-07-28;;1;18;3;false
Netflix;;7.99;3.995;2022-07-27;2022-07-27;;2;20;3;false
Edeka;;17.4;8.7;2022-07-25;2022-07-25;;1;18;3;false
Internet;;34.9;17.45;2022-07-22;2022-07-22;;1;20;3;false
Edeka ;;72.52;36.26;2022-07-20;2022-07-20;;1;18;3;false
Edeka;;57;28.5;2022-07-16;2022-07-16;;2;18;3;false
ARD ZDF Radiobeitragsservice;;55.08;27.54;2022-07-15;2022-07-15;;2;20;3;false
Vollcorner Benita;;7.49;3.745;2022-07-13;2022-07-13;;2;18;3;false
Kostas;;26.92;13.46;2022-07-13;2022-07-13;;2;18;3;false
Edeka;;10.26;5.13;2022-07-11;2022-07-11;;2;18;3;false
Vollcorner;;22.76;11.38;2022-07-11;2022-07-11;;2;18;3;false
Tanken;;61.04;30.52;2022-07-10;2022-07-10;;1;24;3;false
Hochzeitsgeschenk;Hochzeit Ramona & Roland;150;75;2022-07-09;2022-07-09;;1;17;3;false
Vollcorner;;9.99;4.995;2022-07-08;2022-07-08;;2;18;3;false
Geschenk Ramona&Roland;;17;8.5;2022-07-08;2022-07-08;;2;17;3;false
Edeka ;;63.32;31.66;2022-07-07;2022-07-07;;1;18;3;false
Essen im Zug nach München;;17;8.5;2022-07-06;2022-07-06;;2;26;3;false
Supermarkt Bologna;;8.66;4.33;2022-07-06;2022-07-06;;2;26;3;false
Kaffee Bologna;;6;3;2022-07-06;2022-07-06;;2;26;3;false
Mittag Bologna Centrale;;12.5;6.25;2022-07-06;2022-07-06;;2;26;3;false
Biergarten;;32;16;2022-07-06;2022-07-06;;1;19;3;false
Frühstück Firenze Bahnhof SMN;;14.4;7.2;2022-07-06;2022-07-06;;2;26;3;false
La Toraia Firenze;;36;18;2022-07-05;2022-07-05;;2;26;3;false
Mittag San Casciano;;11.5;5.75;2022-07-05;2022-07-05;;2;26;3;false
Mittag Firenze;;12;6;2022-07-05;2022-07-05;;2;26;3;false
Olivenöl Marinella;;48;24;2022-07-05;2022-07-05;;2;17;3;false
Clantenova;;80;40;2022-07-05;2022-07-05;;2;26;3;false
Vino e Olio Clantenova;;26;13;2022-07-05;2022-07-05;;2;17;3;false
Italien;Unterkunft Florenz;88.59;44.295;2022-07-04;2022-07-04;;1;26;3;false
Wash&Dry;;8;4;2022-07-03;2022-07-03;;2;26;3;false
Essen in Empoli;;16.9;8.45;2022-07-02;2022-07-02;;2;26;3;false
Unterkunft Lucca;;254.28;127.14;2022-07-02;2022-07-02;;2;26;3;false
Minimarket Romita;;10.68;5.34;2022-07-02;2022-07-02;;2;26;3;false
Mittagessen Lucca;;40;20;2022-07-01;2022-07-01;;2;26;3;false
Einkaufen Lucca;;59.43;29.715;2022-06-30;2022-06-30;;2;26;3;false
Gelato Pisa;;7;3.5;2022-06-30;2022-06-30;;2;26;3;false
Italien;Mittagessen in Pisa (Pizzeria IL Monti no) ;24;12;2022-06-30;2022-06-30;;1;26;3;false
Unterkunft Massa e Cozzile;;204.4;102.2;2022-06-29;2022-06-29;;2;26;3;false
Italien;Frühstück in Massa (Abreise) ;19;9.5;2022-06-29;2022-06-29;;1;26;3;false
Kaffee in Lucca;;12.5;6.25;2022-06-29;2022-06-29;;2;26;3;false
Gelato in Pescia;;6;3;2022-06-29;2022-06-29;;2;26;3;false
Essen Pescia;;9.16;4.58;2022-06-29;2022-06-29;;2;26;3;false
SWM Strom;;27;13.5;2022-06-28;2022-06-28;;2;20;3;false
Italien;Essen in Pistoia;40;20;2022-06-27;2022-06-27;;1;26;3;false
Lebensmittel Montecatini;;47.19;23.595;2022-06-27;2022-06-27;;2;26;3;false
Gelato Montecatini;;6;3;2022-06-27;2022-06-27;;2;26;3;false
Frühstuck Massa;;10.8;5.4;2022-06-27;2022-06-27;;2;26;3;false
Obst und Wasser Pistoia;;3.2;1.6;2022-06-26;2022-06-26;;2;26;3;false
Abendessen Massa;;22;11;2022-06-26;2022-06-26;;2;26;3;false
Gelato Pistoia;;4;2;2022-06-26;2022-06-26;;2;26;3;false
Museo del Tessuto;;16;8;2022-06-25;2022-06-25;;2;26;3;false
Hotel Prato;;142;71;2022-06-25;2022-06-25;;2;26;3;false
Italien;Gelato in Prato;5;2.5;2022-06-25;2022-06-25;;1;26;3;false
Italien;Essen in Prato;40;20;2022-06-25;2022-06-25;;1;26;3;false
Essen Prato;;30;15;2022-06-25;2022-06-25;;2;26;3;false
Kaffee Bahnhof;;3.2;1.6;2022-06-24;2022-06-24;;2;26;3;false
Italien;Kaffee + Wasser Speisewagon;10;5;2022-06-24;2022-06-24;;1;26;3;false
Eis Bologna;;6.5;3.25;2022-06-24;2022-06-24;;2;26;3;false
Fahrradkarten;;7;3.5;2022-06-24;2022-06-24;;2;26;3;false
Essen im Zug;;29.3;14.65;2022-06-24;2022-06-24;;2;26;3;false
Geschenk;Brigitte Geburtstag;50;25;2022-06-22;2022-06-22;;1;17;3;false
Internet;;34.9;17.45;2022-06-22;2022-06-22;;1;20;3;false
Biergarten am Flaucher;;25;12.5;2022-06-19;2022-06-19;;1;19;3;false
Edeka;;30.99;15.495;2022-06-18;2022-06-18;;1;18;3;false
Vollcorner;;11.47;5.735;2022-06-18;2022-06-18;;1;18;3;false
DM;;6.2;3.1;2022-06-18;2022-06-18;;2;18;3;false
Biergarten Bavaria;;18;9;2022-06-18;2022-06-18;;2;19;3;false
Apotheke;;26.95;13.475;2022-06-18;2022-06-18;;2;18;3;false
DM;;2.5;1.25;2022-06-18;2022-06-18;;2;18;3;false
Italien;Fahrradservice ;158;79;2022-06-15;2022-06-15;;1;26;3;false
Kostas;;19;9.5;2022-06-14;2022-06-14;;1;18;3;false
Biergarten;;27.5;13.75;2022-06-12;2022-06-12;;2;19;3;false
DM;;20.9;10.45;2022-06-11;2022-06-11;;1;18;3;false
Biergarten;;14.4;7.2;2022-06-11;2022-06-11;;2;19;3;false
Vollcorner Brot;;4.17;2.085;2022-06-11;2022-06-11;;2;18;3;false
Edeka;;63.58;31.79;2022-06-11;2022-06-11;;1;18;3;false
Vollcorner;;76.33;38.165;2022-06-11;2022-06-11;;1;18;3;false
Biergarten;;39.3;19.65;2022-06-08;2022-06-08;;2;19;3;false
Bahntickets Italien;;12.6;6.3;2022-06-07;2022-06-07;;2;26;3;false
Vollcorner;;48.71;24.355;2022-06-04;2022-06-04;;1;18;3;false
Italien;Fahrrad Zubehör;59.92;29.96;2022-06-04;2022-06-04;;1;26;3;false
Biergarten Wienerplatz;;13.5;6.75;2022-06-04;2022-06-04;;2;19;3;false
Biergarten ;;34.6;17.3;2022-06-04;2022-06-04;;1;19;3;false
Kostas;;31.35;15.675;2022-06-04;2022-06-04;;2;18;3;false
Edeka;;85.36;42.68;2022-06-02;2022-06-02;;1;18;3;false
Bahntickets Italien Zurück;;144.8;72.4;2022-05-30;2022-05-30;;2;26;3;false
Netflix;;7.99;3.995;2022-05-30;2022-05-30;;2;20;3;false
Strom;;27;13.5;2022-05-30;2022-05-30;;2;20;3;false
SWM Strom;;27;13.5;2022-05-30;2022-05-30;;2;20;3;false
Vollcorner;;40.27;20.135;2022-05-28;2022-05-28;;1;18;3;false
Edeka;;43.02;21.51;2022-05-28;2022-05-28;;1;18;3;false
Bauhaus ;;55.61;27.805;2022-05-27;2022-05-27;;1;20;3;false
Edeka;;49.95;24.975;2022-05-25;2022-05-25;;1;18;3;false
Bahntickets Italien hin;;181.6;90.8;2022-05-25;2022-05-25;;2;26;3;false
Internet;;34.9;17.45;2022-05-23;2022-05-23;;1;20;3;false
Vollcorner;;4.28;2.14;2022-05-23;2022-05-23;;2;18;3;false
Vollcorner;;13.68;6.84;2022-05-23;2022-05-23;;2;18;3;false
Edeka;;1.66;0.83;2022-05-21;2022-05-21;;2;18;3;false
Vollcorner;;25.79;12.895;2022-05-21;2022-05-21;;2;18;3;false
Vollcorner;;13.08;6.54;2022-05-21;2022-05-21;;2;18;3;false
Kostas;;20.44;10.22;2022-05-21;2022-05-21;;2;18;3;false
Vollcorner;;4.28;2.14;2022-05-21;2022-05-21;;2;18;3;false
Edeka;;59.93;29.965;2022-05-19;2022-05-19;;1;18;3;false
Kostas;;28.35;14.175;2022-05-15;2022-05-15;;2;18;3;false
Edeka;;16.32;8.16;2022-05-15;2022-05-15;;2;18;3;false
Viktualienmarkt (Fleisch);;13;6.5;2022-05-15;2022-05-15;;2;18;3;false
Vollcorner;;7.62;3.81;2022-05-15;2022-05-15;;2;18;3;false
Edeka ;;35;17.5;2022-05-11;2022-05-11;;1;18;3;false
(Ticket Biennale) Muttertag;;25;12.5;2022-05-08;2022-05-08;;2;17;3;false
Edeka;;55.65;27.825;2022-05-07;2022-05-07;;1;18;3;false
Vollcorner;;11.25;5.625;2022-05-06;2022-05-06;;2;18;3;false
Kostas (inkl. 1 Kg Nüsse);;90.41;45.205;2022-05-06;2022-05-06;;2;18;3;false
DM;;4.35;2.175;2022-05-06;2022-05-06;;2;20;3;false
Edeka;;6.98;3.49;2022-05-06;2022-05-06;;2;18;3;false
Biokultur;;7.98;3.99;2022-05-05;2022-05-05;;1;18;3;false
Netflix;;7.99;3.995;2022-04-30;2022-04-30;;2;20;3;false
Edeka;;5.93;2.965;2022-04-30;2022-04-30;;2;18;3;false
Vollcorner;;40.32;20.16;2022-04-30;2022-04-30;;2;18;3;false
SWM Strom;;27;13.5;2022-04-30;2022-04-30;;2;20;3;false
Edeka;;66.72;33.36;2022-04-29;2022-04-29;;1;18;3;false
Deutsche Bahn;;31;15.5;2022-04-26;2022-04-26;;2;26;3;false
Internet;;34.9;17.45;2022-04-25;2022-04-25;;1;20;3;false
Edeka;;32.83;16.415;2022-04-23;2022-04-23;;1;18;3;false
Vollcorner;;62.53;31.265;2022-04-23;2022-04-23;;1;18;3;false
DM;;9.9;4.95;2022-04-23;2022-04-23;;1;18;3;false
Edeka;;18.11;9.055;2022-04-22;2022-04-22;;2;18;3;false
ARD ZDF Radio Beitragsservice;;55.08;27.54;2022-04-22;2022-04-22;;2;20;3;false
Skikarte Fellhorn;;109;54.5;2022-04-22;2022-04-22;;2;26;3;false
Edeka;;24.83;12.415;2022-04-22;2022-04-22;;2;18;3;false
Edeka;;21.88;10.94;2022-04-21;2022-04-21;;1;18;3;false
Aldi;;16.74;8.37;2022-04-21;2022-04-21;;1;18;3;false
Tanken;;66.9;33.45;2022-04-16;2022-04-16;;1;24;3;false
Oberstdorf ;Mittagessen Oberstdorf ;40;20;2022-04-14;2022-04-14;;1;26;3;false
Oberstdorf;Mittagessen Gipfelstation Fellhorn;30;15;2022-04-13;2022-04-13;;1;26;3;false
Ski-Depot;;8;4;2022-04-12;2022-04-12;;2;26;3;false
Oberstdorf;Fahrt zum Hbf;3.6;1.8;2022-04-12;2022-04-12;;1;26;3;false
Hostel;;152.2;76.1;2022-04-12;2022-04-12;;2;26;3;false
Hinfahrt Oberstdorf;;71.8;35.9;2022-04-12;2022-04-12;;2;26;3;false
Essen Bergstation;;18.9;9.45;2022-04-12;2022-04-12;;2;26;3;false
Frühstück Yormas;;12;6;2022-04-12;2022-04-12;;2;26;3;false
Busfahrt ins Hostel;;5;2.5;2022-04-12;2022-04-12;;2;26;3;false
Kaffee am Bahnhof;;4;2;2022-04-12;2022-04-12;;2;26;3;false
Skiverleih;;92;46;2022-04-12;2022-04-12;;2;26;3;false
Oberstdorf;Abendessen & Getränke im Hostel;38;19;2022-04-12;2022-04-12;;1;26;3;false
Ski-Karte Nebelhorn;;89;44.5;2022-04-12;2022-04-12;;2;26;3;false
Aldi;;72.76;36.38;2022-04-11;2022-04-11;;1;18;3;false
Bauhaus;Hochbeet, Kräutertreppe, Erde und Samen;363.47;181.735;2022-04-11;2022-04-11;;1;20;3;false
Edeka;;32;16;2022-04-09;2022-04-09;;2;18;3;false
Bauhaus Blumen;;50.97;25.485;2022-04-09;2022-04-09;;2;20;3;false
Kostas;;45;22.5;2022-04-09;2022-04-09;;2;18;3;false
Edeka;;40.06;20.03;2022-04-08;2022-04-08;;2;18;3;false
Rossmann;;11.96;5.98;2022-04-08;2022-04-08;;2;18;3;false
Edeka;;17.13;8.565;2022-04-03;2022-04-03;;1;18;3;false
Vollcorner;;14.07;7.035;2022-04-02;2022-04-02;;2;18;3;false
Edeka;;12.65;6.325;2022-04-02;2022-04-02;;2;18;3;false
Bäcker;;10;5;2022-04-02;2022-04-02;;1;18;3;false
Edeka;;12.65;6.325;2022-04-02;2022-04-02;;2;18;3;false
Kostas;;31.2;15.6;2022-04-02;2022-04-02;;2;18;3;false
Vollcorner;;53.28;26.64;2022-04-02;2022-04-02;;1;18;3;false
Edeka ;;51.61;25.805;2022-04-02;2022-04-02;;1;18;3;false
Netflix;;7.99;3.995;2022-03-29;2022-03-29;;2;20;3;false
SWM Strom;;27;13.5;2022-03-28;2022-03-28;;2;20;3;false
Kostas;;29.64;14.82;2022-03-27;2022-03-27;;2;18;3;false
Vollcorner;;9.57;4.785;2022-03-27;2022-03-27;;2;18;3;false
Edeka ;;59.18;29.59;2022-03-26;2022-03-26;;1;18;3;false
Vollcorner;;49.52;24.76;2022-03-26;2022-03-26;;1;18;3;false
Edeka;;59.97;29.985;2022-03-24;2022-03-24;;1;18;3;false
Internet;;34.9;17.45;2022-03-22;2022-03-22;;1;20;3;false
Edeka;;66.72;33.36;2022-03-19;2022-03-19;;2;18;3;false
Vollcorner;;68.17;34.085;2022-03-12;2022-03-12;;1;18;3;false
Kostas;;45.42;22.71;2022-03-12;2022-03-12;;2;18;3;false
Rossmann (Nüsse);;21.56;10.78;2022-03-12;2022-03-12;;2;18;3;false
Edeka;;17.33;8.665;2022-03-12;2022-03-12;;2;18;3;false
Edeka;;46.6;23.3;2022-03-12;2022-03-12;;1;18;3;false
Edeka;;37.46;18.73;2022-03-05;2022-03-05;;2;18;3;false
Vollcorner;;4.66;2.33;2022-03-05;2022-03-05;;2;18;3;false
Vollcorner;;44.23;22.115;2022-03-05;2022-03-05;;2;18;3;false
Edeka ;;54.6;27.3;2022-03-02;2022-03-02;;1;18;3;false
Netflix;;7.99;3.995;2022-03-01;2022-03-01;;2;20;3;false
Rossmann;;17.97;8.985;2022-02-28;2022-02-28;;1;18;3;false
SWM Strom;;27;13.5;2022-02-28;2022-02-28;;2;20;3;false
Vollcorner;;27.74;13.87;2022-02-25;2022-02-25;;2;18;3;false
Gasflasche tauschen;;7;3.5;2022-02-25;2022-02-25;;2;18;3;false
Kostas;;44.76;22.38;2022-02-25;2022-02-25;;2;18;3;false
Edeka ;;94.31;47.155;2022-02-22;2022-02-22;;1;18;3;false
Internet;;34.9;17.45;2022-02-22;2022-02-22;;1;20;3;false
Vollcorner;;63.98;31.99;2022-02-17;2022-02-17;;2;18;3;false
DM;;7.4;3.7;2022-02-17;2022-02-17;;2;18;3;false
Kostas;;19.8;9.9;2022-02-17;2022-02-17;;2;18;3;false
Edeka;;32.47;16.235;2022-02-12;2022-02-12;;1;18;3;false
Kostas;;43;21.5;2022-02-11;2022-02-11;;2;18;3;false
Vollcorner;;43.09;21.545;2022-02-11;2022-02-11;;2;18;3;false
Rossmann;;35.05;17.525;2022-02-09;2022-02-09;;2;18;3;false
Edeka;;21.38;10.69;2022-02-09;2022-02-09;;2;18;3;false
Edeka;;45.16;22.58;2022-02-05;2022-02-05;;1;18;3;false
Edeka;;74.58;37.29;2022-02-03;2022-02-03;;1;18;3;false
Kostas;;31.91;15.955;2022-01-29;2022-01-29;;2;18;3;false
Vollcorner;;40.82;20.41;2022-01-29;2022-01-29;;2;18;3;false
SWM Strom;;27;13.5;2022-01-28;2022-01-28;;2;20;3;false
Netflix;;7.99;3.995;2022-01-27;2022-01-27;;2;20;3;false
Vollcorner;;28;14;2022-01-27;2022-01-27;;1;18;3;false
Edeka;;70.41;35.205;2022-01-27;2022-01-27;;1;18;3;false
Rossmann;;14.93;7.465;2022-01-27;2022-01-27;;1;18;3;false
Edeka;;34.36;17.18;2022-01-24;2022-01-24;;2;18;3;false
Kostas;;6.15;3.075;2022-01-22;2022-01-22;;2;18;3;false
Kostas;;17.5;8.75;2022-01-22;2022-01-22;;2;18;3;false
Vollcorner;;19.24;9.62;2022-01-22;2022-01-22;;2;18;3;false
Internet;;34.9;17.45;2022-01-21;2022-01-21;;1;20;3;false
Edeka;;64.78;32.39;2022-01-21;2022-01-21;;1;18;3;false
Vollcorner;;19;9.5;2022-01-21;2022-01-21;;2;18;3;false
ARD ZDF Radiobeitrag;;55.08;27.54;2022-01-20;2022-01-20;;2;20;3;false
Kostas;;37.88;18.94;2022-01-15;2022-01-15;;2;18;3;false
Vollcorner;;26.66;13.33;2022-01-15;2022-01-15;;2;18;3;false
Edeka;;53.48;26.74;2022-01-14;2022-01-14;;1;18;3;false
Edeka;;14.32;7.16;2022-01-10;2022-01-10;;1;18;3;false
Edeka;;41.28;20.64;2022-01-08;2022-01-08;;2;18;3;false
Edeka;;44.73;22.365;2022-01-05;2022-01-05;;2;18;3;false
Vollcorner;;27.35;13.675;2022-01-03;2022-01-03;;1;18;3;false
Edeka;;26.89;13.445;2022-01-03;2022-01-03;;1;18;3;false
Hugendubel;Buch: Der kleine Aussaatkalender 2022;7.99;3.995;2022-01-03;2022-01-03;;1;17;3;false
Kostas;;26.15;13.075;2022-01-03;2022-01-03;;2;18;3;false
